   Compiling amms v0.7.4 (/Users/whisker/Work/src/Whisker17/arbitrage/arbitrage-bot-v3)
warning: structure field `Protocol` should have a snake case name
  --> examples/test/monitor_pools.rs:32:5
   |
32 |     Protocol: String,
   |     ^^^^^^^^ help: convert the identifier to snake case: `protocol`
   |
   = note: `#[warn(non_snake_case)]` on by default

warning: structure field `Pair_Name` should have a snake case name
  --> examples/test/monitor_pools.rs:35:5
   |
35 |     Pair_Name: String,
   |     ^^^^^^^^^ help: convert the identifier to snake case: `pair_name`

warning: structure field `Pair_Address` should have a snake case name
  --> examples/test/monitor_pools.rs:37:5
   |
37 |     Pair_Address: String,
   |     ^^^^^^^^^^^^ help: convert the identifier to snake case: `pair_address`

warning: structure field `TokenA_Address` should have a snake case name
  --> examples/test/monitor_pools.rs:40:5
   |
40 |     TokenA_Address: String,
   |     ^^^^^^^^^^^^^^ help: convert the identifier to snake case: `token_a_address`

warning: structure field `TokenB_Address` should have a snake case name
  --> examples/test/monitor_pools.rs:43:5
   |
43 |     TokenB_Address: String,
   |     ^^^^^^^^^^^^^^ help: convert the identifier to snake case: `token_b_address`

warning: structure field `Fee_Tier` should have a snake case name
  --> examples/test/monitor_pools.rs:46:5
   |
46 |     Fee_Tier: Option<u32>,
   |     ^^^^^^^^ help: convert the identifier to snake case: `fee_tier`

warning: `amms` (example "monitor_pools") generated 6 warnings
    Finished `dev` profile [optimized + debuginfo] target(s) in 57.58s
     Running `target/debug/examples/monitor_pools`
[2m2025-09-28T00:55:07.032773Z[0m [32m INFO[0m [2mmonitor[0m[2m:[0m Using WebSocket endpoint [3mws[0m[2m=[0mwss://mantle.publicnode.com
[2m2025-09-28T00:55:10.531170Z[0m [32m INFO[0m [2mmonitor[0m[2m:[0m Initialized pool [3maddress[0m[2m=[0m0xb1ab8372d62bf35e655477568bdb72f32b13738f [3mfee[0m[2m=[0m10000
[2m2025-09-28T00:55:10.610332Z[0m [32m INFO[0m [2mmonitor[0m[2m:[0m Initialized pool [3maddress[0m[2m=[0m0xabc1954cd50c443168e04c2ecdeba89b44f2ff2a [3mfee[0m[2m=[0m500
[2m2025-09-28T00:55:10.610614Z[0m [32m INFO[0m [2mmonitor[0m[2m:[0m Initialized pool [3maddress[0m[2m=[0m0x6844209ce498ab6f02f1e5702c1f5c82ef564134 [3mfee[0m[2m=[0m500
[2m2025-09-28T00:55:10.610982Z[0m [32m INFO[0m [2mmonitor[0m[2m:[0m Initialized pool [3maddress[0m[2m=[0m0x8b4e2134d1f3da64f9cc044152bf8ee121bb24ce [3mfee[0m[2m=[0m2500
[2m2025-09-28T00:55:10.612550Z[0m [32m INFO[0m [2mmonitor[0m[2m:[0m Initialized pool [3maddress[0m[2m=[0m0x36a7aff497eef6a9cd7d0e7bc243793fcb3e57e2 [3mfee[0m[2m=[0m100
[2m2025-09-28T00:55:10.645902Z[0m [32m INFO[0m [2mmonitor[0m[2m:[0m Initialized pool [3maddress[0m[2m=[0m0x20b581f2ba0b5ab90799a0917ce94074767f2e73 [3mfee[0m[2m=[0m500
[2m2025-09-28T00:55:10.718952Z[0m [32m INFO[0m [2mmonitor[0m[2m:[0m Initialized pool [3maddress[0m[2m=[0m0x6488f911c6cd86c289aa319c5a826dcf8f1ca065 [3mfee[0m[2m=[0m100
[2m2025-09-28T00:55:10.721204Z[0m [32m INFO[0m [2mmonitor[0m[2m:[0m Initialized pool [3maddress[0m[2m=[0m0xbcf99c834e65e8a58090e20edc058279317865bd [3mfee[0m[2m=[0m100
[2m2025-09-28T00:55:12.765093Z[0m [32m INFO[0m [2mmonitor[0m[2m:[0m Initialized pool [3maddress[0m[2m=[0m0xf9b5f2babdd388737be702dd732fb6b6bfe9dc20 [3mfee[0m[2m=[0m100
[2m2025-09-28T00:55:12.821607Z[0m [32m INFO[0m [2mmonitor[0m[2m:[0m Initialized pool [3maddress[0m[2m=[0m0x78b54c2bc2c5ad8f744915d481e5caaff0c6c8c2 [3mfee[0m[2m=[0m2500
[2m2025-09-28T00:55:12.875366Z[0m [32m INFO[0m [2mmonitor[0m[2m:[0m Initialized pool [3maddress[0m[2m=[0m0x4f9e3683a523b66da89d82bba0a9caa1c3243df4 [3mfee[0m[2m=[0m500
[2m2025-09-28T00:55:12.973497Z[0m [32m INFO[0m [2mmonitor[0m[2m:[0m Initialized pool [3maddress[0m[2m=[0m0x94d692afff21e045691971a20df4a9adb482ddf6 [3mfee[0m[2m=[0m100
[2m2025-09-28T00:55:12.983536Z[0m [32m INFO[0m [2mmonitor[0m[2m:[0m Initialized pool [3maddress[0m[2m=[0m0x0d9e39d357337edde4a9bc12178da40256e2f533 [3mfee[0m[2m=[0m500
[2m2025-09-28T00:55:13.008580Z[0m [32m INFO[0m [2mmonitor[0m[2m:[0m Initialized pool [3maddress[0m[2m=[0m0x8e2c009e45420d2b36bc15315f9de8ceca2cc724 [3mfee[0m[2m=[0m10000
[2m2025-09-28T00:55:13.020482Z[0m [32m INFO[0m [2mmonitor[0m[2m:[0m Initialized pool [3maddress[0m[2m=[0m0x1858d52cf57c07a018171d7a1e68dc081f17144f [3mfee[0m[2m=[0m500
[2m2025-09-28T00:55:13.038534Z[0m [32m INFO[0m [2mmonitor[0m[2m:[0m Initialized pool [3maddress[0m[2m=[0m0xcfef46bc49c7502edd960850264b9c2dfe4d75d7 [3mfee[0m[2m=[0m2500
[2m2025-09-28T00:55:15.169465Z[0m [32m INFO[0m [2mmonitor[0m[2m:[0m Initialized pool [3maddress[0m[2m=[0m0x9cae9b5d0ee7e78dfd7e42fd995d4974d6907242 [3mfee[0m[2m=[0m2500
[2m2025-09-28T00:55:15.202141Z[0m [32m INFO[0m [2mmonitor[0m[2m:[0m Initialized pool [3maddress[0m[2m=[0m0x7b3a4b36b0c5c95142afcd1b883ed055aa166f85 [3mfee[0m[2m=[0m100
[2m2025-09-28T00:55:15.295283Z[0m [32m INFO[0m [2mmonitor[0m[2m:[0m Initialized pool [3maddress[0m[2m=[0m0xd145db1dfc3fcd2e999b47f3a02c85bd7750ed09 [3mfee[0m[2m=[0m100
[2m2025-09-28T00:55:15.304919Z[0m [32m INFO[0m [2mmonitor[0m[2m:[0m Initialized pool [3maddress[0m[2m=[0m0x328cfb13c66065240b58bff0ae1ce798fe314ec1 [3mfee[0m[2m=[0m2500
[2m2025-09-28T00:55:15.339226Z[0m [32m INFO[0m [2mmonitor[0m[2m:[0m Initialized pool [3maddress[0m[2m=[0m0xcb893a28933a89b5c4ee3d02ca37524d3d0bfc97 [3mfee[0m[2m=[0m10000
[2m2025-09-28T00:55:15.371169Z[0m [32m INFO[0m [2mmonitor[0m[2m:[0m Initialized pool [3maddress[0m[2m=[0m0xd08c50f7e69e9aeb2867deff4a8053d9a855e26a [3mfee[0m[2m=[0m500
[2m2025-09-28T00:55:15.401306Z[0m [32m INFO[0m [2mmonitor[0m[2m:[0m Initialized pool [3maddress[0m[2m=[0m0x4b96994181cb694f506bdf24a218fe7af64147cb [3mfee[0m[2m=[0m2500
[2m2025-09-28T00:55:15.458891Z[0m [32m INFO[0m [2mmonitor[0m[2m:[0m Initialized pool [3maddress[0m[2m=[0m0x813d7f24df644550f824141bcdd8cb1cb0642d06 [3mfee[0m[2m=[0m500
[2m2025-09-28T00:55:17.549656Z[0m [32m INFO[0m [2mmonitor[0m[2m:[0m Initialized pool [3maddress[0m[2m=[0m0x3812a474e1b7610d05a947bb0940210a2d0f6823 [3mfee[0m[2m=[0m10000
[2m2025-09-28T00:55:17.557327Z[0m [32m INFO[0m [2mmonitor[0m[2m:[0m Initialized pool [3maddress[0m[2m=[0m0x928981fe5a4c005a126662d2bd84fbf139b51876 [3mfee[0m[2m=[0m100
[2m2025-09-28T00:55:17.579239Z[0m [32m INFO[0m [2mmonitor[0m[2m:[0m Initialized pool [3maddress[0m[2m=[0m0x9d5d4064a808ba865957b1d04b20a84175dcc16d [3mfee[0m[2m=[0m10000
[2m2025-09-28T00:55:17.667476Z[0m [32m INFO[0m [2mmonitor[0m[2m:[0m Initialized pool [3maddress[0m[2m=[0m0x9ec313ff05946b6f3860a99b470625abba7eb0a2 [3mfee[0m[2m=[0m2500
[2m2025-09-28T00:55:17.718671Z[0m [32m INFO[0m [2mmonitor[0m[2m:[0m Initialized pool [3maddress[0m[2m=[0m0xee12e312878b74b2c17d80516128d7868f80365b [3mfee[0m[2m=[0m500
[2m2025-09-28T00:55:17.727976Z[0m [32m INFO[0m [2mmonitor[0m[2m:[0m Initialized pool [3maddress[0m[2m=[0m0xd34292f7585ac5a518c5ceb2d674d1423ad0569f [3mfee[0m[2m=[0m2500
[2m2025-09-28T00:55:17.744978Z[0m [32m INFO[0m [2mmonitor[0m[2m:[0m Initialized pool [3maddress[0m[2m=[0m0x54169896d28dec0ffabe3b16f90f71323774949f [3mfee[0m[2m=[0m500
[2m2025-09-28T00:55:17.920966Z[0m [32m INFO[0m [2mmonitor[0m[2m:[0m Initialized pool [3maddress[0m[2m=[0m0x425732f412f2a922156cf3c135a516c18f977cc1 [3mfee[0m[2m=[0m2500
[2m2025-09-28T00:55:19.887161Z[0m [32m INFO[0m [2mmonitor[0m[2m:[0m Initialized pool [3maddress[0m[2m=[0m0x628f7131cf43e88ebe3921ae78c4ba0c31872bd4 [3mfee[0m[2m=[0m500
[2m2025-09-28T00:55:19.998558Z[0m [32m INFO[0m [2mmonitor[0m[2m:[0m Initialized pool [3maddress[0m[2m=[0m0xc81f612980db7a9e5e16c52450f391698f6584cc [3mfee[0m[2m=[0m500
[2m2025-09-28T00:55:20.018764Z[0m [32m INFO[0m [2mmonitor[0m[2m:[0m Initialized pool [3maddress[0m[2m=[0m0x540631a747f47112afc1667bdeaa4265ba52a7b5 [3mfee[0m[2m=[0m10000
[2m2025-09-28T00:55:20.021679Z[0m [32m INFO[0m [2mmonitor[0m[2m:[0m Initialized pool [3maddress[0m[2m=[0m0x551d49f0a9c3d5293293e12f36b210e0124dd4e7 [3mfee[0m[2m=[0m2500
[2m2025-09-28T00:55:20.069532Z[0m [32m INFO[0m [2mmonitor[0m[2m:[0m Initialized pool [3maddress[0m[2m=[0m0x8be9c0a3e81f63cc0592302367fc673e6840fa55 [3mfee[0m[2m=[0m2500
[2m2025-09-28T00:55:20.080902Z[0m [32m INFO[0m [2mmonitor[0m[2m:[0m Initialized pool [3maddress[0m[2m=[0m0x95d39c45668d59141dc5bcc940e6c191f1ebb98c [3mfee[0m[2m=[0m2500
[2m2025-09-28T00:55:20.112104Z[0m [32m INFO[0m [2mmonitor[0m[2m:[0m Initialized pool [3maddress[0m[2m=[0m0xeafc4d6d4c3391cd4fc10c85d2f5f972d58c0dd5 [3mfee[0m[2m=[0m2500
[2m2025-09-28T00:55:20.207887Z[0m [32m INFO[0m [2mmonitor[0m[2m:[0m Initialized pool [3maddress[0m[2m=[0m0xaa07390d49d7828779fa403a690e992b08357909 [3mfee[0m[2m=[0m100
[2m2025-09-28T00:55:22.145109Z[0m [32m INFO[0m [2mmonitor[0m[2m:[0m Initialized pool [3maddress[0m[2m=[0m0x628f6a4b26bde4694ae6208e52d0aa2aff8ed6c1 [3mfee[0m[2m=[0m100
[2m2025-09-28T00:55:22.288768Z[0m [32m INFO[0m [2mmonitor[0m[2m:[0m Initialized pool [3maddress[0m[2m=[0m0x9cd55b03c64b65ba02a1d985caef63046b2d54eb [3mfee[0m[2m=[0m100
[2m2025-09-28T00:55:22.289298Z[0m [32m INFO[0m [2mmonitor[0m[2m:[0m Initialized pool [3maddress[0m[2m=[0m0xc4a6cbdcabce6bd3c8109ff81e876aa7bb291b4d [3mfee[0m[2m=[0m500
[2m2025-09-28T00:55:22.294812Z[0m [32m INFO[0m [2mmonitor[0m[2m:[0m Initialized pool [3maddress[0m[2m=[0m0xe38e3a804ef845e36f277d86fb2b24b8c32b3340 [3mfee[0m[2m=[0m100
[2m2025-09-28T00:55:22.294947Z[0m [32m INFO[0m [2mmonitor[0m[2m:[0m Initialized Agni pools [3mloaded[0m[2m=[0m44 [3mtotal_rows[0m[2m=[0m74 [3magni_rows[0m[2m=[0m44
[2m2025-09-28T00:55:22.640779Z[0m [32m INFO[0m [2mmonitor[0m[2m:[0m Subscribed to blocks over WS
[2m2025-09-28T00:55:22.640871Z[0m [32m INFO[0m [2mmonitor[0m[2m:[0m Pre-computed arbitrage candidate paths [3mcandidate_paths[0m[2m=[0m2112
[2m2025-09-28T00:55:23.804519Z[0m [32m INFO[0m [2mmonitor.block[0m[2m:[0m Processing block [3mblock[0m[2m=[0m85445306
[2m2025-09-28T00:55:24.085181Z[0m [32m INFO[0m [2mmonitor.block[0m[2m:[0m Fetched logs [3mblock[0m[2m=[0m85445306 [3mlogs[0m[2m=[0m0
[2m2025-09-28T00:55:25.804991Z[0m [32m INFO[0m [2mmonitor.block[0m[2m:[0m Processing block [3mblock[0m[2m=[0m85445307
[2m2025-09-28T00:55:26.085727Z[0m [32m INFO[0m [2mmonitor.block[0m[2m:[0m Fetched logs [3mblock[0m[2m=[0m85445307 [3mlogs[0m[2m=[0m0
[2m2025-09-28T00:55:27.807300Z[0m [32m INFO[0m [2mmonitor.block[0m[2m:[0m Processing block [3mblock[0m[2m=[0m85445308
[2m2025-09-28T00:55:28.087015Z[0m [32m INFO[0m [2mmonitor.block[0m[2m:[0m Fetched logs [3mblock[0m[2m=[0m85445308 [3mlogs[0m[2m=[0m0
[2m2025-09-28T00:55:29.807648Z[0m [32m INFO[0m [2mmonitor.block[0m[2m:[0m Processing block [3mblock[0m[2m=[0m85445309
[2m2025-09-28T00:55:30.105488Z[0m [32m INFO[0m [2mmonitor.block[0m[2m:[0m Fetched logs [3mblock[0m[2m=[0m85445309 [3mlogs[0m[2m=[0m0
[2m2025-09-28T00:55:31.808381Z[0m [32m INFO[0m [2mmonitor.block[0m[2m:[0m Processing block [3mblock[0m[2m=[0m85445310
[2m2025-09-28T00:55:32.163348Z[0m [32m INFO[0m [2mmonitor.block[0m[2m:[0m Fetched logs [3mblock[0m[2m=[0m85445310 [3mlogs[0m[2m=[0m0
[2m2025-09-28T00:55:33.904178Z[0m [32m INFO[0m [2mmonitor.block[0m[2m:[0m Processing block [3mblock[0m[2m=[0m85445311
[2m2025-09-28T00:55:34.177571Z[0m [32m INFO[0m [2mmonitor.block[0m[2m:[0m Fetched logs [3mblock[0m[2m=[0m85445311 [3mlogs[0m[2m=[0m1
[2m2025-09-28T00:55:34.177737Z[0m [32m INFO[0m [2mmonitor.pool[0m[2m:[0m Applied [3maddress[0m[2m=[0m0x36a7aff497eef6a9cd7d0e7bc243793fcb3e57e2 [3mevent[0m[2m=[0m"Swap" [3mamount0[0m[2m=[0m-61805451 [3mamount1[0m[2m=[0m61815271242422792543 [3mtick_from[0m[2m=[0m276324 [3mtick_to[0m[2m=[0m276324 [3msqrt_from[0m[2m=[0m79230482426999860707997279493597923 [3msqrt_to[0m[2m=[0m79230506668474500809884974937848645 [3mliq_from[0m[2m=[0m202010012902492125934 [3mliq_to[0m[2m=[0m202010012902492125934
[2m2025-09-28T00:55:35.802851Z[0m [32m INFO[0m [2mmonitor.block[0m[2m:[0m Processing block [3mblock[0m[2m=[0m85445312
[2m2025-09-28T00:55:36.077349Z[0m [32m INFO[0m [2mmonitor.block[0m[2m:[0m Fetched logs [3mblock[0m[2m=[0m85445312 [3mlogs[0m[2m=[0m0
[2m2025-09-28T00:55:37.801617Z[0m [32m INFO[0m [2mmonitor.block[0m[2m:[0m Processing block [3mblock[0m[2m=[0m85445313
[2m2025-09-28T00:55:38.204916Z[0m [32m INFO[0m [2mmonitor.block[0m[2m:[0m Fetched logs [3mblock[0m[2m=[0m85445313 [3mlogs[0m[2m=[0m0
[2m2025-09-28T00:55:39.799647Z[0m [32m INFO[0m [2mmonitor.block[0m[2m:[0m Processing block [3mblock[0m[2m=[0m85445314
[2m2025-09-28T00:55:40.073685Z[0m [32m INFO[0m [2mmonitor.block[0m[2m:[0m Fetched logs [3mblock[0m[2m=[0m85445314 [3mlogs[0m[2m=[0m0
[2m2025-09-28T00:55:41.802036Z[0m [32m INFO[0m [2mmonitor.block[0m[2m:[0m Processing block [3mblock[0m[2m=[0m85445315
[2m2025-09-28T00:55:42.077530Z[0m [32m INFO[0m [2mmonitor.block[0m[2m:[0m Fetched logs [3mblock[0m[2m=[0m85445315 [3mlogs[0m[2m=[0m0
[2m2025-09-28T00:55:43.853826Z[0m [32m INFO[0m [2mmonitor.block[0m[2m:[0m Processing block [3mblock[0m[2m=[0m85445316
[2m2025-09-28T00:55:44.138620Z[0m [32m INFO[0m [2mmonitor.block[0m[2m:[0m Fetched logs [3mblock[0m[2m=[0m85445316 [3mlogs[0m[2m=[0m0
[2m2025-09-28T00:55:45.801891Z[0m [32m INFO[0m [2mmonitor.block[0m[2m:[0m Processing block [3mblock[0m[2m=[0m85445317
[2m2025-09-28T00:55:46.077765Z[0m [32m INFO[0m [2mmonitor.block[0m[2m:[0m Fetched logs [3mblock[0m[2m=[0m85445317 [3mlogs[0m[2m=[0m0
[2m2025-09-28T00:55:47.829790Z[0m [32m INFO[0m [2mmonitor.block[0m[2m:[0m Processing block [3mblock[0m[2m=[0m85445318
[2m2025-09-28T00:55:48.104707Z[0m [32m INFO[0m [2mmonitor.block[0m[2m:[0m Fetched logs [3mblock[0m[2m=[0m85445318 [3mlogs[0m[2m=[0m0
[2m2025-09-28T00:55:49.800385Z[0m [32m INFO[0m [2mmonitor.block[0m[2m:[0m Processing block [3mblock[0m[2m=[0m85445319
[2m2025-09-28T00:55:50.081784Z[0m [32m INFO[0m [2mmonitor.block[0m[2m:[0m Fetched logs [3mblock[0m[2m=[0m85445319 [3mlogs[0m[2m=[0m0
[2m2025-09-28T00:55:51.863389Z[0m [32m INFO[0m [2mmonitor.block[0m[2m:[0m Processing block [3mblock[0m[2m=[0m85445320
[2m2025-09-28T00:55:52.215120Z[0m [32m INFO[0m [2mmonitor.block[0m[2m:[0m Fetched logs [3mblock[0m[2m=[0m85445320 [3mlogs[0m[2m=[0m0
[2m2025-09-28T00:55:53.871118Z[0m [32m INFO[0m [2mmonitor.block[0m[2m:[0m Processing block [3mblock[0m[2m=[0m85445321
[2m2025-09-28T00:55:54.177834Z[0m [32m INFO[0m [2mmonitor.block[0m[2m:[0m Fetched logs [3mblock[0m[2m=[0m85445321 [3mlogs[0m[2m=[0m0
[2m2025-09-28T00:55:55.804810Z[0m [32m INFO[0m [2mmonitor.block[0m[2m:[0m Processing block [3mblock[0m[2m=[0m85445322
[2m2025-09-28T00:55:56.082465Z[0m [32m INFO[0m [2mmonitor.block[0m[2m:[0m Fetched logs [3mblock[0m[2m=[0m85445322 [3mlogs[0m[2m=[0m0
[2m2025-09-28T00:55:57.876857Z[0m [32m INFO[0m [2mmonitor.block[0m[2m:[0m Processing block [3mblock[0m[2m=[0m85445323
[2m2025-09-28T00:55:58.157355Z[0m [32m INFO[0m [2mmonitor.block[0m[2m:[0m Fetched logs [3mblock[0m[2m=[0m85445323 [3mlogs[0m[2m=[0m0
[2m2025-09-28T00:55:59.805581Z[0m [32m INFO[0m [2mmonitor.block[0m[2m:[0m Processing block [3mblock[0m[2m=[0m85445324
[2m2025-09-28T00:56:00.102785Z[0m [32m INFO[0m [2mmonitor.block[0m[2m:[0m Fetched logs [3mblock[0m[2m=[0m85445324 [3mlogs[0m[2m=[0m0
[2m2025-09-28T00:56:01.858268Z[0m [32m INFO[0m [2mmonitor.block[0m[2m:[0m Processing block [3mblock[0m[2m=[0m85445325
[2m2025-09-28T00:56:02.131649Z[0m [32m INFO[0m [2mmonitor.block[0m[2m:[0m Fetched logs [3mblock[0m[2m=[0m85445325 [3mlogs[0m[2m=[0m0
[2m2025-09-28T00:56:03.906001Z[0m [32m INFO[0m [2mmonitor.block[0m[2m:[0m Processing block [3mblock[0m[2m=[0m85445326
[2m2025-09-28T00:56:04.213164Z[0m [32m INFO[0m [2mmonitor.block[0m[2m:[0m Fetched logs [3mblock[0m[2m=[0m85445326 [3mlogs[0m[2m=[0m2
[2m2025-09-28T00:56:04.214074Z[0m [32m INFO[0m [2mmonitor.pool[0m[2m:[0m Applied [3maddress[0m[2m=[0m0xeafc4d6d4c3391cd4fc10c85d2f5f972d58c0dd5 [3mevent[0m[2m=[0m"Swap" [3mamount0[0m[2m=[0m-1530288128635376670650 [3mamount1[0m[2m=[0m895110000000000000000 [3mtick_from[0m[2m=[0m-5389 [3mtick_to[0m[2m=[0m-5387 [3msqrt_from[0m[2m=[0m60515347471682183283612101781 [3msqrt_to[0m[2m=[0m60521507955268092299213409478 [3mliq_from[0m[2m=[0m11482966354878226297460874 [3mliq_to[0m[2m=[0m11482966354878226297460874
[2m2025-09-28T00:56:04.214487Z[0m [32m INFO[0m [2mmonitor.pool[0m[2m:[0m Applied [3maddress[0m[2m=[0m0xeafc4d6d4c3391cd4fc10c85d2f5f972d58c0dd5 [3mevent[0m[2m=[0m"Swap" [3mamount0[0m[2m=[0m-4221118802927243883002 [3mamount1[0m[2m=[0m2470000000000000000000 [3mtick_from[0m[2m=[0m-5387 [3mtick_to[0m[2m=[0m-5382 [3msqrt_from[0m[2m=[0m60521507955268092299213409478 [3msqrt_to[0m[2m=[0m60538507424000645022940359252 [3mliq_from[0m[2m=[0m11482966354878226297460874 [3mliq_to[0m[2m=[0m11482966354878226297460874
[2m2025-09-28T00:56:05.800264Z[0m [32m INFO[0m [2mmonitor.block[0m[2m:[0m Processing block [3mblock[0m[2m=[0m85445327
[2m2025-09-28T00:56:06.125725Z[0m [32m INFO[0m [2mmonitor.block[0m[2m:[0m Fetched logs [3mblock[0m[2m=[0m85445327 [3mlogs[0m[2m=[0m0
[2m2025-09-28T00:56:07.899874Z[0m [32m INFO[0m [2mmonitor.block[0m[2m:[0m Processing block [3mblock[0m[2m=[0m85445328
[2m2025-09-28T00:56:08.206068Z[0m [32m INFO[0m [2mmonitor.block[0m[2m:[0m Fetched logs [3mblock[0m[2m=[0m85445328 [3mlogs[0m[2m=[0m0
[2m2025-09-28T00:56:09.846561Z[0m [32m INFO[0m [2mmonitor.block[0m[2m:[0m Processing block [3mblock[0m[2m=[0m85445329
[2m2025-09-28T00:56:10.151912Z[0m [32m INFO[0m [2mmonitor.block[0m[2m:[0m Fetched logs [3mblock[0m[2m=[0m85445329 [3mlogs[0m[2m=[0m0
[2m2025-09-28T00:56:11.894312Z[0m [32m INFO[0m [2mmonitor.block[0m[2m:[0m Processing block [3mblock[0m[2m=[0m85445330
[2m2025-09-28T00:56:12.302732Z[0m [32m INFO[0m [2mmonitor.block[0m[2m:[0m Fetched logs [3mblock[0m[2m=[0m85445330 [3mlogs[0m[2m=[0m1
[2m2025-09-28T00:56:12.303674Z[0m [32m INFO[0m [2mmonitor.pool[0m[2m:[0m Applied [3maddress[0m[2m=[0m0x36a7aff497eef6a9cd7d0e7bc243793fcb3e57e2 [3mevent[0m[2m=[0m"Swap" [3mamount0[0m[2m=[0m260117548 [3mamount1[0m[2m=[0m-260106592183084570513 [3mtick_from[0m[2m=[0m276324 [3mtick_to[0m[2m=[0m276324 [3msqrt_from[0m[2m=[0m79230506668474500809884974937848645 [3msqrt_to[0m[2m=[0m79230404654880914931392003850298004 [3mliq_from[0m[2m=[0m202010012902492125934 [3mliq_to[0m[2m=[0m202010012902492125934
[2m2025-09-28T00:56:13.817007Z[0m [32m INFO[0m [2mmonitor.block[0m[2m:[0m Processing block [3mblock[0m[2m=[0m85445331
[2m2025-09-28T00:56:14.094202Z[0m [32m INFO[0m [2mmonitor.block[0m[2m:[0m Fetched logs [3mblock[0m[2m=[0m85445331 [3mlogs[0m[2m=[0m0
[2m2025-09-28T00:56:15.797468Z[0m [32m INFO[0m [2mmonitor.block[0m[2m:[0m Processing block [3mblock[0m[2m=[0m85445332
[2m2025-09-28T00:56:16.073876Z[0m [32m INFO[0m [2mmonitor.block[0m[2m:[0m Fetched logs [3mblock[0m[2m=[0m85445332 [3mlogs[0m[2m=[0m0
[2m2025-09-28T00:56:17.810308Z[0m [32m INFO[0m [2mmonitor.block[0m[2m:[0m Processing block [3mblock[0m[2m=[0m85445333
[2m2025-09-28T00:56:18.137890Z[0m [32m INFO[0m [2mmonitor.block[0m[2m:[0m Fetched logs [3mblock[0m[2m=[0m85445333 [3mlogs[0m[2m=[0m0
[2m2025-09-28T00:56:19.879190Z[0m [32m INFO[0m [2mmonitor.block[0m[2m:[0m Processing block [3mblock[0m[2m=[0m85445334
[2m2025-09-28T00:56:20.187087Z[0m [32m INFO[0m [2mmonitor.block[0m[2m:[0m Fetched logs [3mblock[0m[2m=[0m85445334 [3mlogs[0m[2m=[0m0
[2m2025-09-28T00:56:21.927021Z[0m [32m INFO[0m [2mmonitor.block[0m[2m:[0m Processing block [3mblock[0m[2m=[0m85445335
[2m2025-09-28T00:56:22.201409Z[0m [32m INFO[0m [2mmonitor.block[0m[2m:[0m Fetched logs [3mblock[0m[2m=[0m85445335 [3mlogs[0m[2m=[0m0
[2m2025-09-28T00:56:23.826956Z[0m [32m INFO[0m [2mmonitor.block[0m[2m:[0m Processing block [3mblock[0m[2m=[0m85445336
[2m2025-09-28T00:56:24.181824Z[0m [32m INFO[0m [2mmonitor.block[0m[2m:[0m Fetched logs [3mblock[0m[2m=[0m85445336 [3mlogs[0m[2m=[0m0
[2m2025-09-28T00:56:25.821557Z[0m [32m INFO[0m [2mmonitor.block[0m[2m:[0m Processing block [3mblock[0m[2m=[0m85445337
[2m2025-09-28T00:56:26.094773Z[0m [32m INFO[0m [2mmonitor.block[0m[2m:[0m Fetched logs [3mblock[0m[2m=[0m85445337 [3mlogs[0m[2m=[0m0
[2m2025-09-28T00:56:27.822896Z[0m [32m INFO[0m [2mmonitor.block[0m[2m:[0m Processing block [3mblock[0m[2m=[0m85445338
[2m2025-09-28T00:56:28.098629Z[0m [32m INFO[0m [2mmonitor.block[0m[2m:[0m Fetched logs [3mblock[0m[2m=[0m85445338 [3mlogs[0m[2m=[0m0
[2m2025-09-28T00:56:29.830849Z[0m [32m INFO[0m [2mmonitor.block[0m[2m:[0m Processing block [3mblock[0m[2m=[0m85445339
[2m2025-09-28T00:56:30.104097Z[0m [32m INFO[0m [2mmonitor.block[0m[2m:[0m Fetched logs [3mblock[0m[2m=[0m85445339 [3mlogs[0m[2m=[0m0
[2m2025-09-28T00:56:31.823234Z[0m [32m INFO[0m [2mmonitor.block[0m[2m:[0m Processing block [3mblock[0m[2m=[0m85445340
[2m2025-09-28T00:56:32.100051Z[0m [32m INFO[0m [2mmonitor.block[0m[2m:[0m Fetched logs [3mblock[0m[2m=[0m85445340 [3mlogs[0m[2m=[0m0
[2m2025-09-28T00:56:33.907305Z[0m [32m INFO[0m [2mmonitor.block[0m[2m:[0m Processing block [3mblock[0m[2m=[0m85445341
[2m2025-09-28T00:56:34.189254Z[0m [32m INFO[0m [2mmonitor.block[0m[2m:[0m Fetched logs [3mblock[0m[2m=[0m85445341 [3mlogs[0m[2m=[0m0
[2m2025-09-28T00:56:35.821701Z[0m [32m INFO[0m [2mmonitor.block[0m[2m:[0m Processing block [3mblock[0m[2m=[0m85445342
[2m2025-09-28T00:56:36.095894Z[0m [32m INFO[0m [2mmonitor.block[0m[2m:[0m Fetched logs [3mblock[0m[2m=[0m85445342 [3mlogs[0m[2m=[0m0
[2m2025-09-28T00:56:37.826801Z[0m [32m INFO[0m [2mmonitor.block[0m[2m:[0m Processing block [3mblock[0m[2m=[0m85445343
[2m2025-09-28T00:56:38.107698Z[0m [32m INFO[0m [2mmonitor.block[0m[2m:[0m Fetched logs [3mblock[0m[2m=[0m85445343 [3mlogs[0m[2m=[0m0
[2m2025-09-28T00:56:39.826392Z[0m [32m INFO[0m [2mmonitor.block[0m[2m:[0m Processing block [3mblock[0m[2m=[0m85445344
[2m2025-09-28T00:56:40.099109Z[0m [32m INFO[0m [2mmonitor.block[0m[2m:[0m Fetched logs [3mblock[0m[2m=[0m85445344 [3mlogs[0m[2m=[0m0
[2m2025-09-28T00:56:41.894046Z[0m [32m INFO[0m [2mmonitor.block[0m[2m:[0m Processing block [3mblock[0m[2m=[0m85445345
[2m2025-09-28T00:56:42.169747Z[0m [32m INFO[0m [2mmonitor.block[0m[2m:[0m Fetched logs [3mblock[0m[2m=[0m85445345 [3mlogs[0m[2m=[0m0
[2m2025-09-28T00:56:43.841788Z[0m [32m INFO[0m [2mmonitor.block[0m[2m:[0m Processing block [3mblock[0m[2m=[0m85445346
[2m2025-09-28T00:56:44.122116Z[0m [32m INFO[0m [2mmonitor.block[0m[2m:[0m Fetched logs [3mblock[0m[2m=[0m85445346 [3mlogs[0m[2m=[0m0
[2m2025-09-28T00:56:45.840469Z[0m [32m INFO[0m [2mmonitor.block[0m[2m:[0m Processing block [3mblock[0m[2m=[0m85445347
[2m2025-09-28T00:56:46.117276Z[0m [32m INFO[0m [2mmonitor.block[0m[2m:[0m Fetched logs [3mblock[0m[2m=[0m85445347 [3mlogs[0m[2m=[0m0
[2m2025-09-28T00:56:47.839351Z[0m [32m INFO[0m [2mmonitor.block[0m[2m:[0m Processing block [3mblock[0m[2m=[0m85445348
[2m2025-09-28T00:56:48.210433Z[0m [32m INFO[0m [2mmonitor.block[0m[2m:[0m Fetched logs [3mblock[0m[2m=[0m85445348 [3mlogs[0m[2m=[0m0
[2m2025-09-28T00:56:49.983946Z[0m [32m INFO[0m [2mmonitor.block[0m[2m:[0m Processing block [3mblock[0m[2m=[0m85445349
[2m2025-09-28T00:56:50.274986Z[0m [32m INFO[0m [2mmonitor.block[0m[2m:[0m Fetched logs [3mblock[0m[2m=[0m85445349 [3mlogs[0m[2m=[0m0
[2m2025-09-28T00:56:51.929832Z[0m [32m INFO[0m [2mmonitor.block[0m[2m:[0m Processing block [3mblock[0m[2m=[0m85445350
[2m2025-09-28T00:56:52.235841Z[0m [32m INFO[0m [2mmonitor.block[0m[2m:[0m Fetched logs [3mblock[0m[2m=[0m85445350 [3mlogs[0m[2m=[0m0
[2m2025-09-28T00:56:53.876354Z[0m [32m INFO[0m [2mmonitor.block[0m[2m:[0m Processing block [3mblock[0m[2m=[0m85445351
[2m2025-09-28T00:56:54.154515Z[0m [32m INFO[0m [2mmonitor.block[0m[2m:[0m Fetched logs [3mblock[0m[2m=[0m85445351 [3mlogs[0m[2m=[0m0
[2m2025-09-28T00:56:55.801402Z[0m [32m INFO[0m [2mmonitor.block[0m[2m:[0m Processing block [3mblock[0m[2m=[0m85445352
[2m2025-09-28T00:56:56.076129Z[0m [32m INFO[0m [2mmonitor.block[0m[2m:[0m Fetched logs [3mblock[0m[2m=[0m85445352 [3mlogs[0m[2m=[0m0
[2m2025-09-28T00:56:57.796377Z[0m [32m INFO[0m [2mmonitor.block[0m[2m:[0m Processing block [3mblock[0m[2m=[0m85445353
[2m2025-09-28T00:56:58.080900Z[0m [32m INFO[0m [2mmonitor.block[0m[2m:[0m Fetched logs [3mblock[0m[2m=[0m85445353 [3mlogs[0m[2m=[0m0
[2m2025-09-28T00:56:59.798343Z[0m [32m INFO[0m [2mmonitor.block[0m[2m:[0m Processing block [3mblock[0m[2m=[0m85445354
[2m2025-09-28T00:57:00.075918Z[0m [32m INFO[0m [2mmonitor.block[0m[2m:[0m Fetched logs [3mblock[0m[2m=[0m85445354 [3mlogs[0m[2m=[0m0
[2m2025-09-28T00:57:01.804569Z[0m [32m INFO[0m [2mmonitor.block[0m[2m:[0m Processing block [3mblock[0m[2m=[0m85445355
[2m2025-09-28T00:57:02.076792Z[0m [32m INFO[0m [2mmonitor.block[0m[2m:[0m Fetched logs [3mblock[0m[2m=[0m85445355 [3mlogs[0m[2m=[0m0
[2m2025-09-28T00:57:03.910167Z[0m [32m INFO[0m [2mmonitor.block[0m[2m:[0m Processing block [3mblock[0m[2m=[0m85445356
[2m2025-09-28T00:57:04.261183Z[0m [32m INFO[0m [2mmonitor.block[0m[2m:[0m Fetched logs [3mblock[0m[2m=[0m85445356 [3mlogs[0m[2m=[0m0
[2m2025-09-28T00:57:05.796967Z[0m [32m INFO[0m [2mmonitor.block[0m[2m:[0m Processing block [3mblock[0m[2m=[0m85445357
[2m2025-09-28T00:57:06.163543Z[0m [32m INFO[0m [2mmonitor.block[0m[2m:[0m Fetched logs [3mblock[0m[2m=[0m85445357 [3mlogs[0m[2m=[0m0
[2m2025-09-28T00:57:07.795480Z[0m [32m INFO[0m [2mmonitor.block[0m[2m:[0m Processing block [3mblock[0m[2m=[0m85445358
[2m2025-09-28T00:57:08.070855Z[0m [32m INFO[0m [2mmonitor.block[0m[2m:[0m Fetched logs [3mblock[0m[2m=[0m85445358 [3mlogs[0m[2m=[0m0
[2m2025-09-28T00:57:09.808497Z[0m [32m INFO[0m [2mmonitor.block[0m[2m:[0m Processing block [3mblock[0m[2m=[0m85445359
[2m2025-09-28T00:57:10.140324Z[0m [32m INFO[0m [2mmonitor.block[0m[2m:[0m Fetched logs [3mblock[0m[2m=[0m85445359 [3mlogs[0m[2m=[0m0
[2m2025-09-28T00:57:11.804456Z[0m [32m INFO[0m [2mmonitor.block[0m[2m:[0m Processing block [3mblock[0m[2m=[0m85445360
[2m2025-09-28T00:57:12.100314Z[0m [32m INFO[0m [2mmonitor.block[0m[2m:[0m Fetched logs [3mblock[0m[2m=[0m85445360 [3mlogs[0m[2m=[0m0
[2m2025-09-28T00:57:13.797474Z[0m [32m INFO[0m [2mmonitor.block[0m[2m:[0m Processing block [3mblock[0m[2m=[0m85445361
[2m2025-09-28T00:57:14.075571Z[0m [32m INFO[0m [2mmonitor.block[0m[2m:[0m Fetched logs [3mblock[0m[2m=[0m85445361 [3mlogs[0m[2m=[0m0
[2m2025-09-28T00:57:15.797407Z[0m [32m INFO[0m [2mmonitor.block[0m[2m:[0m Processing block [3mblock[0m[2m=[0m85445362
[2m2025-09-28T00:57:16.075889Z[0m [32m INFO[0m [2mmonitor.block[0m[2m:[0m Fetched logs [3mblock[0m[2m=[0m85445362 [3mlogs[0m[2m=[0m0
[2m2025-09-28T00:57:17.794504Z[0m [32m INFO[0m [2mmonitor.block[0m[2m:[0m Processing block [3mblock[0m[2m=[0m85445363
[2m2025-09-28T00:57:18.142395Z[0m [32m INFO[0m [2mmonitor.block[0m[2m:[0m Fetched logs [3mblock[0m[2m=[0m85445363 [3mlogs[0m[2m=[0m0
[2m2025-09-28T00:57:19.883168Z[0m [32m INFO[0m [2mmonitor.block[0m[2m:[0m Processing block [3mblock[0m[2m=[0m85445364
[2m2025-09-28T00:57:20.190040Z[0m [32m INFO[0m [2mmonitor.block[0m[2m:[0m Fetched logs [3mblock[0m[2m=[0m85445364 [3mlogs[0m[2m=[0m0
[2m2025-09-28T00:57:21.827843Z[0m [32m INFO[0m [2mmonitor.block[0m[2m:[0m Processing block [3mblock[0m[2m=[0m85445365
[2m2025-09-28T00:57:22.131782Z[0m [32m INFO[0m [2mmonitor.block[0m[2m:[0m Fetched logs [3mblock[0m[2m=[0m85445365 [3mlogs[0m[2m=[0m0
[2m2025-09-28T00:57:23.796539Z[0m [32m INFO[0m [2mmonitor.block[0m[2m:[0m Processing block [3mblock[0m[2m=[0m85445366
[2m2025-09-28T00:57:24.074829Z[0m [32m INFO[0m [2mmonitor.block[0m[2m:[0m Fetched logs [3mblock[0m[2m=[0m85445366 [3mlogs[0m[2m=[0m0
[2m2025-09-28T00:57:25.799070Z[0m [32m INFO[0m [2mmonitor.block[0m[2m:[0m Processing block [3mblock[0m[2m=[0m85445367
[2m2025-09-28T00:57:26.075515Z[0m [32m INFO[0m [2mmonitor.block[0m[2m:[0m Fetched logs [3mblock[0m[2m=[0m85445367 [3mlogs[0m[2m=[0m0
[2m2025-09-28T00:57:27.794955Z[0m [32m INFO[0m [2mmonitor.block[0m[2m:[0m Processing block [3mblock[0m[2m=[0m85445368
[2m2025-09-28T00:57:28.070347Z[0m [32m INFO[0m [2mmonitor.block[0m[2m:[0m Fetched logs [3mblock[0m[2m=[0m85445368 [3mlogs[0m[2m=[0m0
[2m2025-09-28T00:57:29.815225Z[0m [32m INFO[0m [2mmonitor.block[0m[2m:[0m Processing block [3mblock[0m[2m=[0m85445369
[2m2025-09-28T00:57:30.097258Z[0m [32m INFO[0m [2mmonitor.block[0m[2m:[0m Fetched logs [3mblock[0m[2m=[0m85445369 [3mlogs[0m[2m=[0m0
[2m2025-09-28T00:57:31.822734Z[0m [32m INFO[0m [2mmonitor.block[0m[2m:[0m Processing block [3mblock[0m[2m=[0m85445370
[2m2025-09-28T00:57:32.105947Z[0m [32m INFO[0m [2mmonitor.block[0m[2m:[0m Fetched logs [3mblock[0m[2m=[0m85445370 [3mlogs[0m[2m=[0m0
[2m2025-09-28T00:57:33.810070Z[0m [32m INFO[0m [2mmonitor.block[0m[2m:[0m Processing block [3mblock[0m[2m=[0m85445371
[2m2025-09-28T00:57:34.115343Z[0m [32m INFO[0m [2mmonitor.block[0m[2m:[0m Fetched logs [3mblock[0m[2m=[0m85445371 [3mlogs[0m[2m=[0m0
[2m2025-09-28T00:57:35.809646Z[0m [32m INFO[0m [2mmonitor.block[0m[2m:[0m Processing block [3mblock[0m[2m=[0m85445372
[2m2025-09-28T00:57:36.087969Z[0m [32m INFO[0m [2mmonitor.block[0m[2m:[0m Fetched logs [3mblock[0m[2m=[0m85445372 [3mlogs[0m[2m=[0m0
[2m2025-09-28T00:57:37.797596Z[0m [32m INFO[0m [2mmonitor.block[0m[2m:[0m Processing block [3mblock[0m[2m=[0m85445373
[2m2025-09-28T00:57:38.108910Z[0m [32m INFO[0m [2mmonitor.block[0m[2m:[0m Fetched logs [3mblock[0m[2m=[0m85445373 [3mlogs[0m[2m=[0m0
[2m2025-09-28T00:57:39.849291Z[0m [32m INFO[0m [2mmonitor.block[0m[2m:[0m Processing block [3mblock[0m[2m=[0m85445374
[2m2025-09-28T00:57:40.151858Z[0m [32m INFO[0m [2mmonitor.block[0m[2m:[0m Fetched logs [3mblock[0m[2m=[0m85445374 [3mlogs[0m[2m=[0m0
[2m2025-09-28T00:57:41.794727Z[0m [32m INFO[0m [2mmonitor.block[0m[2m:[0m Processing block [3mblock[0m[2m=[0m85445375
[2m2025-09-28T00:57:42.102176Z[0m [32m INFO[0m [2mmonitor.block[0m[2m:[0m Fetched logs [3mblock[0m[2m=[0m85445375 [3mlogs[0m[2m=[0m0
[2m2025-09-28T00:57:43.796911Z[0m [32m INFO[0m [2mmonitor.block[0m[2m:[0m Processing block [3mblock[0m[2m=[0m85445376
[2m2025-09-28T00:57:44.071856Z[0m [32m INFO[0m [2mmonitor.block[0m[2m:[0m Fetched logs [3mblock[0m[2m=[0m85445376 [3mlogs[0m[2m=[0m0
[2m2025-09-28T00:57:45.799151Z[0m [32m INFO[0m [2mmonitor.block[0m[2m:[0m Processing block [3mblock[0m[2m=[0m85445377
[2m2025-09-28T00:57:46.079240Z[0m [32m INFO[0m [2mmonitor.block[0m[2m:[0m Fetched logs [3mblock[0m[2m=[0m85445377 [3mlogs[0m[2m=[0m0
[2m2025-09-28T00:57:47.792123Z[0m [32m INFO[0m [2mmonitor.block[0m[2m:[0m Processing block [3mblock[0m[2m=[0m85445378
[2m2025-09-28T00:57:48.069371Z[0m [32m INFO[0m [2mmonitor.block[0m[2m:[0m Fetched logs [3mblock[0m[2m=[0m85445378 [3mlogs[0m[2m=[0m0
[2m2025-09-28T00:57:49.885055Z[0m [32m INFO[0m [2mmonitor.block[0m[2m:[0m Processing block [3mblock[0m[2m=[0m85445379
[2m2025-09-28T00:57:50.160908Z[0m [32m INFO[0m [2mmonitor.block[0m[2m:[0m Fetched logs [3mblock[0m[2m=[0m85445379 [3mlogs[0m[2m=[0m0
[2m2025-09-28T00:57:51.829940Z[0m [32m INFO[0m [2mmonitor.block[0m[2m:[0m Processing block [3mblock[0m[2m=[0m85445380
[2m2025-09-28T00:57:52.241770Z[0m [32m INFO[0m [2mmonitor.block[0m[2m:[0m Fetched logs [3mblock[0m[2m=[0m85445380 [3mlogs[0m[2m=[0m0
[2m2025-09-28T00:57:53.878077Z[0m [32m INFO[0m [2mmonitor.block[0m[2m:[0m Processing block [3mblock[0m[2m=[0m85445381
[2m2025-09-28T00:57:54.168318Z[0m [32m INFO[0m [2mmonitor.block[0m[2m:[0m Fetched logs [3mblock[0m[2m=[0m85445381 [3mlogs[0m[2m=[0m0
[2m2025-09-28T00:57:55.793323Z[0m [32m INFO[0m [2mmonitor.block[0m[2m:[0m Processing block [3mblock[0m[2m=[0m85445382
[2m2025-09-28T00:57:56.130856Z[0m [32m INFO[0m [2mmonitor.block[0m[2m:[0m Fetched logs [3mblock[0m[2m=[0m85445382 [3mlogs[0m[2m=[0m0
[2m2025-09-28T00:57:57.791487Z[0m [32m INFO[0m [2mmonitor.block[0m[2m:[0m Processing block [3mblock[0m[2m=[0m85445383
[2m2025-09-28T00:57:58.067379Z[0m [32m INFO[0m [2mmonitor.block[0m[2m:[0m Fetched logs [3mblock[0m[2m=[0m85445383 [3mlogs[0m[2m=[0m0
[2m2025-09-28T00:57:59.878569Z[0m [32m INFO[0m [2mmonitor.block[0m[2m:[0m Processing block [3mblock[0m[2m=[0m85445384
[2m2025-09-28T00:58:00.161093Z[0m [32m INFO[0m [2mmonitor.block[0m[2m:[0m Fetched logs [3mblock[0m[2m=[0m85445384 [3mlogs[0m[2m=[0m0
[2m2025-09-28T00:58:01.800328Z[0m [32m INFO[0m [2mmonitor.block[0m[2m:[0m Processing block [3mblock[0m[2m=[0m85445385
[2m2025-09-28T00:58:02.171516Z[0m [32m INFO[0m [2mmonitor.block[0m[2m:[0m Fetched logs [3mblock[0m[2m=[0m85445385 [3mlogs[0m[2m=[0m0
[2m2025-09-28T00:58:03.810271Z[0m [32m INFO[0m [2mmonitor.block[0m[2m:[0m Processing block [3mblock[0m[2m=[0m85445386
[2m2025-09-28T00:58:04.117679Z[0m [32m INFO[0m [2mmonitor.block[0m[2m:[0m Fetched logs [3mblock[0m[2m=[0m85445386 [3mlogs[0m[2m=[0m0
[2m2025-09-28T00:58:05.794058Z[0m [32m INFO[0m [2mmonitor.block[0m[2m:[0m Processing block [3mblock[0m[2m=[0m85445387
[2m2025-09-28T00:58:06.069057Z[0m [32m INFO[0m [2mmonitor.block[0m[2m:[0m Fetched logs [3mblock[0m[2m=[0m85445387 [3mlogs[0m[2m=[0m0
[2m2025-09-28T00:58:07.906007Z[0m [32m INFO[0m [2mmonitor.block[0m[2m:[0m Processing block [3mblock[0m[2m=[0m85445388
[2m2025-09-28T00:58:08.212599Z[0m [32m INFO[0m [2mmonitor.block[0m[2m:[0m Fetched logs [3mblock[0m[2m=[0m85445388 [3mlogs[0m[2m=[0m0
[2m2025-09-28T00:58:09.793990Z[0m [32m INFO[0m [2mmonitor.block[0m[2m:[0m Processing block [3mblock[0m[2m=[0m85445389
[2m2025-09-28T00:58:10.069159Z[0m [32m INFO[0m [2mmonitor.block[0m[2m:[0m Fetched logs [3mblock[0m[2m=[0m85445389 [3mlogs[0m[2m=[0m0
[2m2025-09-28T00:58:11.822080Z[0m [32m INFO[0m [2mmonitor.block[0m[2m:[0m Processing block [3mblock[0m[2m=[0m85445390
[2m2025-09-28T00:58:12.206867Z[0m [32m INFO[0m [2mmonitor.block[0m[2m:[0m Fetched logs [3mblock[0m[2m=[0m85445390 [3mlogs[0m[2m=[0m0
[2m2025-09-28T00:58:13.791249Z[0m [32m INFO[0m [2mmonitor.block[0m[2m:[0m Processing block [3mblock[0m[2m=[0m85445391
[2m2025-09-28T00:58:14.072187Z[0m [32m INFO[0m [2mmonitor.block[0m[2m:[0m Fetched logs [3mblock[0m[2m=[0m85445391 [3mlogs[0m[2m=[0m0
[2m2025-09-28T00:58:15.791718Z[0m [32m INFO[0m [2mmonitor.block[0m[2m:[0m Processing block [3mblock[0m[2m=[0m85445392
[2m2025-09-28T00:58:16.068490Z[0m [32m INFO[0m [2mmonitor.block[0m[2m:[0m Fetched logs [3mblock[0m[2m=[0m85445392 [3mlogs[0m[2m=[0m0
[2m2025-09-28T00:58:17.793510Z[0m [32m INFO[0m [2mmonitor.block[0m[2m:[0m Processing block [3mblock[0m[2m=[0m85445393
[2m2025-09-28T00:58:18.068277Z[0m [32m INFO[0m [2mmonitor.block[0m[2m:[0m Fetched logs [3mblock[0m[2m=[0m85445393 [3mlogs[0m[2m=[0m0
[2m2025-09-28T00:58:19.888042Z[0m [32m INFO[0m [2mmonitor.block[0m[2m:[0m Processing block [3mblock[0m[2m=[0m85445394
[2m2025-09-28T00:58:20.295085Z[0m [32m INFO[0m [2mmonitor.block[0m[2m:[0m Fetched logs [3mblock[0m[2m=[0m85445394 [3mlogs[0m[2m=[0m0
[2m2025-09-28T00:58:21.796463Z[0m [32m INFO[0m [2mmonitor.block[0m[2m:[0m Processing block [3mblock[0m[2m=[0m85445395
[2m2025-09-28T00:58:22.139083Z[0m [32m INFO[0m [2mmonitor.block[0m[2m:[0m Fetched logs [3mblock[0m[2m=[0m85445395 [3mlogs[0m[2m=[0m0
[2m2025-09-28T00:58:23.794882Z[0m [32m INFO[0m [2mmonitor.block[0m[2m:[0m Processing block [3mblock[0m[2m=[0m85445396
[2m2025-09-28T00:58:24.084125Z[0m [32m INFO[0m [2mmonitor.block[0m[2m:[0m Fetched logs [3mblock[0m[2m=[0m85445396 [3mlogs[0m[2m=[0m0
[2m2025-09-28T00:58:25.790911Z[0m [32m INFO[0m [2mmonitor.block[0m[2m:[0m Processing block [3mblock[0m[2m=[0m85445397
[2m2025-09-28T00:58:26.065718Z[0m [32m INFO[0m [2mmonitor.block[0m[2m:[0m Fetched logs [3mblock[0m[2m=[0m85445397 [3mlogs[0m[2m=[0m0
[2m2025-09-28T00:58:27.872252Z[0m [32m INFO[0m [2mmonitor.block[0m[2m:[0m Processing block [3mblock[0m[2m=[0m85445398
[2m2025-09-28T00:58:28.180185Z[0m [32m INFO[0m [2mmonitor.block[0m[2m:[0m Fetched logs [3mblock[0m[2m=[0m85445398 [3mlogs[0m[2m=[0m0
[2m2025-09-28T00:58:29.818734Z[0m [32m INFO[0m [2mmonitor.block[0m[2m:[0m Processing block [3mblock[0m[2m=[0m85445399
[2m2025-09-28T00:58:30.094909Z[0m [32m INFO[0m [2mmonitor.block[0m[2m:[0m Fetched logs [3mblock[0m[2m=[0m85445399 [3mlogs[0m[2m=[0m0
[2m2025-09-28T00:58:31.799514Z[0m [32m INFO[0m [2mmonitor.block[0m[2m:[0m Processing block [3mblock[0m[2m=[0m85445400
[2m2025-09-28T00:58:32.073730Z[0m [32m INFO[0m [2mmonitor.block[0m[2m:[0m Fetched logs [3mblock[0m[2m=[0m85445400 [3mlogs[0m[2m=[0m0
[2m2025-09-28T00:58:33.812269Z[0m [32m INFO[0m [2mmonitor.block[0m[2m:[0m Processing block [3mblock[0m[2m=[0m85445401
[2m2025-09-28T00:58:34.099347Z[0m [32m INFO[0m [2mmonitor.block[0m[2m:[0m Fetched logs [3mblock[0m[2m=[0m85445401 [3mlogs[0m[2m=[0m0
[2m2025-09-28T00:58:39.024155Z[0m [32m INFO[0m [2mmonitor.block[0m[2m:[0m Processing block [3mblock[0m[2m=[0m85445402
[2m2025-09-28T00:58:39.302791Z[0m [32m INFO[0m [2mmonitor.block[0m[2m:[0m Fetched logs [3mblock[0m[2m=[0m85445402 [3mlogs[0m[2m=[0m0
[2m2025-09-28T00:58:39.302978Z[0m [32m INFO[0m [2mmonitor.block[0m[2m:[0m Processing block [3mblock[0m[2m=[0m85445403
[2m2025-09-28T00:58:39.943395Z[0m [32m INFO[0m [2mmonitor.block[0m[2m:[0m Fetched logs [3mblock[0m[2m=[0m85445403 [3mlogs[0m[2m=[0m0
[2m2025-09-28T00:58:44.317091Z[0m [32m INFO[0m [2mmonitor.block[0m[2m:[0m Processing block [3mblock[0m[2m=[0m85445404
[2m2025-09-28T00:58:44.597917Z[0m [32m INFO[0m [2mmonitor.block[0m[2m:[0m Fetched logs [3mblock[0m[2m=[0m85445404 [3mlogs[0m[2m=[0m0
[2m2025-09-28T00:58:44.598141Z[0m [32m INFO[0m [2mmonitor.block[0m[2m:[0m Processing block [3mblock[0m[2m=[0m85445405
[2m2025-09-28T00:58:44.875899Z[0m [32m INFO[0m [2mmonitor.block[0m[2m:[0m Fetched logs [3mblock[0m[2m=[0m85445405 [3mlogs[0m[2m=[0m0
[2m2025-09-28T00:58:44.876036Z[0m [32m INFO[0m [2mmonitor.block[0m[2m:[0m Processing block [3mblock[0m[2m=[0m85445406
[2m2025-09-28T00:58:45.159604Z[0m [32m INFO[0m [2mmonitor.block[0m[2m:[0m Fetched logs [3mblock[0m[2m=[0m85445406 [3mlogs[0m[2m=[0m0
[2m2025-09-28T00:58:53.124407Z[0m [32m INFO[0m [2mmonitor.block[0m[2m:[0m Processing block [3mblock[0m[2m=[0m85445407
[2m2025-09-28T00:58:53.429956Z[0m [32m INFO[0m [2mmonitor.block[0m[2m:[0m Fetched logs [3mblock[0m[2m=[0m85445407 [3mlogs[0m[2m=[0m0
[2m2025-09-28T00:58:53.430153Z[0m [32m INFO[0m [2mmonitor.block[0m[2m:[0m Processing block [3mblock[0m[2m=[0m85445408
[2m2025-09-28T00:58:53.737536Z[0m [32m INFO[0m [2mmonitor.block[0m[2m:[0m Fetched logs [3mblock[0m[2m=[0m85445408 [3mlogs[0m[2m=[0m0
[2m2025-09-28T00:58:53.737659Z[0m [32m INFO[0m [2mmonitor.block[0m[2m:[0m Processing block [3mblock[0m[2m=[0m85445409
[2m2025-09-28T00:58:54.010358Z[0m [32m INFO[0m [2mmonitor.block[0m[2m:[0m Fetched logs [3mblock[0m[2m=[0m85445409 [3mlogs[0m[2m=[0m0
[2m2025-09-28T00:58:54.010501Z[0m [32m INFO[0m [2mmonitor.block[0m[2m:[0m Processing block [3mblock[0m[2m=[0m85445410
[2m2025-09-28T00:58:54.351690Z[0m [32m INFO[0m [2mmonitor.block[0m[2m:[0m Fetched logs [3mblock[0m[2m=[0m85445410 [3mlogs[0m[2m=[0m0
[2m2025-09-28T00:59:03.979573Z[0m [32m INFO[0m [2mmonitor.block[0m[2m:[0m Processing block [3mblock[0m[2m=[0m85445411
[2m2025-09-28T00:59:04.387147Z[0m [32m INFO[0m [2mmonitor.block[0m[2m:[0m Fetched logs [3mblock[0m[2m=[0m85445411 [3mlogs[0m[2m=[0m0
[2m2025-09-28T00:59:04.387290Z[0m [32m INFO[0m [2mmonitor.block[0m[2m:[0m Processing block [3mblock[0m[2m=[0m85445412
[2m2025-09-28T00:59:04.749033Z[0m [32m INFO[0m [2mmonitor.block[0m[2m:[0m Fetched logs [3mblock[0m[2m=[0m85445412 [3mlogs[0m[2m=[0m0
[2m2025-09-28T00:59:04.749162Z[0m [32m INFO[0m [2mmonitor.block[0m[2m:[0m Processing block [3mblock[0m[2m=[0m85445413
[2m2025-09-28T00:59:05.205715Z[0m [31mERROR[0m [2mmonitor[0m[2m:[0m get_logs failed [3mblock[0m[2m=[0m85445413 [3merror[0m[2m=[0mErrorResp(ErrorPayload { code: -32000, message: "invalid block range params", data: None })
[2m2025-09-28T00:59:05.205869Z[0m [32m INFO[0m [2mmonitor.block[0m[2m:[0m Processing block [3mblock[0m[2m=[0m85445414
[2m2025-09-28T00:59:05.514362Z[0m [32m INFO[0m [2mmonitor.block[0m[2m:[0m Fetched logs [3mblock[0m[2m=[0m85445414 [3mlogs[0m[2m=[0m0
[2m2025-09-28T00:59:05.514492Z[0m [32m INFO[0m [2mmonitor.block[0m[2m:[0m Processing block [3mblock[0m[2m=[0m85445415
[2m2025-09-28T00:59:05.820868Z[0m [32m INFO[0m [2mmonitor.block[0m[2m:[0m Fetched logs [3mblock[0m[2m=[0m85445415 [3mlogs[0m[2m=[0m0
[2m2025-09-28T00:59:05.820953Z[0m [32m INFO[0m [2mmonitor.block[0m[2m:[0m Processing block [3mblock[0m[2m=[0m85445416
[2m2025-09-28T00:59:06.093093Z[0m [32m INFO[0m [2mmonitor.block[0m[2m:[0m Fetched logs [3mblock[0m[2m=[0m85445416 [3mlogs[0m[2m=[0m0
[2m2025-09-28T00:59:14.759336Z[0m [32m INFO[0m [2mmonitor.block[0m[2m:[0m Processing block [3mblock[0m[2m=[0m85445417
[2m2025-09-28T00:59:15.036498Z[0m [32m INFO[0m [2mmonitor.block[0m[2m:[0m Fetched logs [3mblock[0m[2m=[0m85445417 [3mlogs[0m[2m=[0m0
[2m2025-09-28T00:59:15.036712Z[0m [32m INFO[0m [2mmonitor.block[0m[2m:[0m Processing block [3mblock[0m[2m=[0m85445418
[2m2025-09-28T00:59:15.446499Z[0m [32m INFO[0m [2mmonitor.block[0m[2m:[0m Fetched logs [3mblock[0m[2m=[0m85445418 [3mlogs[0m[2m=[0m0
[2m2025-09-28T00:59:15.446645Z[0m [32m INFO[0m [2mmonitor.block[0m[2m:[0m Processing block [3mblock[0m[2m=[0m85445419
[2m2025-09-28T00:59:15.753744Z[0m [32m INFO[0m [2mmonitor.block[0m[2m:[0m Fetched logs [3mblock[0m[2m=[0m85445419 [3mlogs[0m[2m=[0m0
[2m2025-09-28T00:59:15.753866Z[0m [32m INFO[0m [2mmonitor.block[0m[2m:[0m Processing block [3mblock[0m[2m=[0m85445420
[2m2025-09-28T00:59:16.031602Z[0m [32m INFO[0m [2mmonitor.block[0m[2m:[0m Fetched logs [3mblock[0m[2m=[0m85445420 [3mlogs[0m[2m=[0m0
[2m2025-09-28T00:59:16.031795Z[0m [32m INFO[0m [2mmonitor.block[0m[2m:[0m Processing block [3mblock[0m[2m=[0m85445421
[2m2025-09-28T00:59:16.306242Z[0m [32m INFO[0m [2mmonitor.block[0m[2m:[0m Fetched logs [3mblock[0m[2m=[0m85445421 [3mlogs[0m[2m=[0m0
[2m2025-09-28T00:59:16.306341Z[0m [32m INFO[0m [2mmonitor.block[0m[2m:[0m Processing block [3mblock[0m[2m=[0m85445422
[2m2025-09-28T00:59:16.675014Z[0m [32m INFO[0m [2mmonitor.block[0m[2m:[0m Fetched logs [3mblock[0m[2m=[0m85445422 [3mlogs[0m[2m=[0m0
[2m2025-09-28T00:59:18.211532Z[0m [32m INFO[0m [2mmonitor.block[0m[2m:[0m Processing block [3mblock[0m[2m=[0m85445423
[2m2025-09-28T00:59:18.492364Z[0m [32m INFO[0m [2mmonitor.block[0m[2m:[0m Fetched logs [3mblock[0m[2m=[0m85445423 [3mlogs[0m[2m=[0m0
[2m2025-09-28T00:59:20.163609Z[0m [32m INFO[0m [2mmonitor.block[0m[2m:[0m Processing block [3mblock[0m[2m=[0m85445424
[2m2025-09-28T00:59:20.464512Z[0m [32m INFO[0m [2mmonitor.block[0m[2m:[0m Fetched logs [3mblock[0m[2m=[0m85445424 [3mlogs[0m[2m=[0m0
[2m2025-09-28T00:59:22.156044Z[0m [32m INFO[0m [2mmonitor.block[0m[2m:[0m Processing block [3mblock[0m[2m=[0m85445425
[2m2025-09-28T00:59:22.511498Z[0m [32m INFO[0m [2mmonitor.block[0m[2m:[0m Fetched logs [3mblock[0m[2m=[0m85445425 [3mlogs[0m[2m=[0m0
[2m2025-09-28T00:59:24.161175Z[0m [32m INFO[0m [2mmonitor.block[0m[2m:[0m Processing block [3mblock[0m[2m=[0m85445426
[2m2025-09-28T00:59:24.458600Z[0m [32m INFO[0m [2mmonitor.block[0m[2m:[0m Fetched logs [3mblock[0m[2m=[0m85445426 [3mlogs[0m[2m=[0m0
[2m2025-09-28T00:59:26.156593Z[0m [32m INFO[0m [2mmonitor.block[0m[2m:[0m Processing block [3mblock[0m[2m=[0m85445427
[2m2025-09-28T00:59:26.432846Z[0m [32m INFO[0m [2mmonitor.block[0m[2m:[0m Fetched logs [3mblock[0m[2m=[0m85445427 [3mlogs[0m[2m=[0m0
[2m2025-09-28T00:59:28.246967Z[0m [32m INFO[0m [2mmonitor.block[0m[2m:[0m Processing block [3mblock[0m[2m=[0m85445428
[2m2025-09-28T00:59:28.554006Z[0m [32m INFO[0m [2mmonitor.block[0m[2m:[0m Fetched logs [3mblock[0m[2m=[0m85445428 [3mlogs[0m[2m=[0m0
[2m2025-09-28T00:59:30.183906Z[0m [32m INFO[0m [2mmonitor.block[0m[2m:[0m Processing block [3mblock[0m[2m=[0m85445429
[2m2025-09-28T00:59:30.512496Z[0m [32m INFO[0m [2mmonitor.block[0m[2m:[0m Fetched logs [3mblock[0m[2m=[0m85445429 [3mlogs[0m[2m=[0m0
[2m2025-09-28T00:59:32.239978Z[0m [32m INFO[0m [2mmonitor.block[0m[2m:[0m Processing block [3mblock[0m[2m=[0m85445430
[2m2025-09-28T00:59:32.547974Z[0m [32m INFO[0m [2mmonitor.block[0m[2m:[0m Fetched logs [3mblock[0m[2m=[0m85445430 [3mlogs[0m[2m=[0m2
[2m2025-09-28T00:59:32.548748Z[0m [32m INFO[0m [2mmonitor.pool[0m[2m:[0m Applied [3maddress[0m[2m=[0m0xeafc4d6d4c3391cd4fc10c85d2f5f972d58c0dd5 [3mevent[0m[2m=[0m"Swap" [3mamount0[0m[2m=[0m-20467346820814263305743 [3mamount1[0m[2m=[0m11996230000000000000000 [3mtick_from[0m[2m=[0m-5382 [3mtick_to[0m[2m=[0m-5355 [3msqrt_from[0m[2m=[0m60538507424000645022940359252 [3msqrt_to[0m[2m=[0m60621069989504090756120499615 [3mliq_from[0m[2m=[0m11482966354878226297460874 [3mliq_to[0m[2m=[0m11482966354878226297460874
[2m2025-09-28T00:59:32.549183Z[0m [32m INFO[0m [2mmonitor.pool[0m[2m:[0m Applied [3maddress[0m[2m=[0m0x36a7aff497eef6a9cd7d0e7bc243793fcb3e57e2 [3mevent[0m[2m=[0m"Swap" [3mamount0[0m[2m=[0m-19154750786 [3mamount1[0m[2m=[0m19159567504882747425754 [3mtick_from[0m[2m=[0m276324 [3mtick_to[0m[2m=[0m276326 [3msqrt_from[0m[2m=[0m79230404654880914931392003850298004 [3msqrt_to[0m[2m=[0m79237918270213337622074691388371654 [3mliq_from[0m[2m=[0m202010012902492125934 [3mliq_to[0m[2m=[0m202010012902492125934
[2m2025-09-28T00:59:34.253562Z[0m [32m INFO[0m [2mmonitor.block[0m[2m:[0m Processing block [3mblock[0m[2m=[0m85445431
[2m2025-09-28T00:59:34.541093Z[0m [32m INFO[0m [2mmonitor.block[0m[2m:[0m Fetched logs [3mblock[0m[2m=[0m85445431 [3mlogs[0m[2m=[0m0
[2m2025-09-28T00:59:36.176063Z[0m [32m INFO[0m [2mmonitor.block[0m[2m:[0m Processing block [3mblock[0m[2m=[0m85445432
[2m2025-09-28T00:59:36.452285Z[0m [32m INFO[0m [2mmonitor.block[0m[2m:[0m Fetched logs [3mblock[0m[2m=[0m85445432 [3mlogs[0m[2m=[0m0
[2m2025-09-28T00:59:38.242151Z[0m [32m INFO[0m [2mmonitor.block[0m[2m:[0m Processing block [3mblock[0m[2m=[0m85445433
[2m2025-09-28T00:59:38.521328Z[0m [32m INFO[0m [2mmonitor.block[0m[2m:[0m Fetched logs [3mblock[0m[2m=[0m85445433 [3mlogs[0m[2m=[0m0
[2m2025-09-28T00:59:40.229095Z[0m [32m INFO[0m [2mmonitor.block[0m[2m:[0m Processing block [3mblock[0m[2m=[0m85445434
[2m2025-09-28T00:59:40.504888Z[0m [32m INFO[0m [2mmonitor.block[0m[2m:[0m Fetched logs [3mblock[0m[2m=[0m85445434 [3mlogs[0m[2m=[0m0
[2m2025-09-28T00:59:42.277346Z[0m [32m INFO[0m [2mmonitor.block[0m[2m:[0m Processing block [3mblock[0m[2m=[0m85445435
[2m2025-09-28T00:59:42.583427Z[0m [32m INFO[0m [2mmonitor.block[0m[2m:[0m Fetched logs [3mblock[0m[2m=[0m85445435 [3mlogs[0m[2m=[0m0
[2m2025-09-28T00:59:44.234177Z[0m [32m INFO[0m [2mmonitor.block[0m[2m:[0m Processing block [3mblock[0m[2m=[0m85445436
[2m2025-09-28T00:59:44.516519Z[0m [32m INFO[0m [2mmonitor.block[0m[2m:[0m Fetched logs [3mblock[0m[2m=[0m85445436 [3mlogs[0m[2m=[0m0
[2m2025-09-28T00:59:46.160744Z[0m [32m INFO[0m [2mmonitor.block[0m[2m:[0m Processing block [3mblock[0m[2m=[0m85445437
[2m2025-09-28T00:59:46.451310Z[0m [32m INFO[0m [2mmonitor.block[0m[2m:[0m Fetched logs [3mblock[0m[2m=[0m85445437 [3mlogs[0m[2m=[0m0
[2m2025-09-28T00:59:48.215551Z[0m [32m INFO[0m [2mmonitor.block[0m[2m:[0m Processing block [3mblock[0m[2m=[0m85445438
[2m2025-09-28T00:59:48.498704Z[0m [32m INFO[0m [2mmonitor.block[0m[2m:[0m Fetched logs [3mblock[0m[2m=[0m85445438 [3mlogs[0m[2m=[0m0
[2m2025-09-28T00:59:50.264467Z[0m [32m INFO[0m [2mmonitor.block[0m[2m:[0m Processing block [3mblock[0m[2m=[0m85445439
[2m2025-09-28T00:59:50.570180Z[0m [32m INFO[0m [2mmonitor.block[0m[2m:[0m Fetched logs [3mblock[0m[2m=[0m85445439 [3mlogs[0m[2m=[0m0
[2m2025-09-28T00:59:52.175091Z[0m [32m INFO[0m [2mmonitor.block[0m[2m:[0m Processing block [3mblock[0m[2m=[0m85445440
[2m2025-09-28T00:59:52.515906Z[0m [32m INFO[0m [2mmonitor.block[0m[2m:[0m Fetched logs [3mblock[0m[2m=[0m85445440 [3mlogs[0m[2m=[0m0
[2m2025-09-28T00:59:54.166733Z[0m [32m INFO[0m [2mmonitor.block[0m[2m:[0m Processing block [3mblock[0m[2m=[0m85445441
[2m2025-09-28T00:59:54.446404Z[0m [32m INFO[0m [2mmonitor.block[0m[2m:[0m Fetched logs [3mblock[0m[2m=[0m85445441 [3mlogs[0m[2m=[0m0
[2m2025-09-28T00:59:56.158124Z[0m [32m INFO[0m [2mmonitor.block[0m[2m:[0m Processing block [3mblock[0m[2m=[0m85445442
[2m2025-09-28T00:59:56.441904Z[0m [32m INFO[0m [2mmonitor.block[0m[2m:[0m Fetched logs [3mblock[0m[2m=[0m85445442 [3mlogs[0m[2m=[0m0
[2m2025-09-28T00:59:58.158816Z[0m [32m INFO[0m [2mmonitor.block[0m[2m:[0m Processing block [3mblock[0m[2m=[0m85445443
[2m2025-09-28T00:59:58.434904Z[0m [32m INFO[0m [2mmonitor.block[0m[2m:[0m Fetched logs [3mblock[0m[2m=[0m85445443 [3mlogs[0m[2m=[0m0
[2m2025-09-28T01:00:00.218817Z[0m [32m INFO[0m [2mmonitor.block[0m[2m:[0m Processing block [3mblock[0m[2m=[0m85445444
[2m2025-09-28T01:00:00.607747Z[0m [32m INFO[0m [2mmonitor.block[0m[2m:[0m Fetched logs [3mblock[0m[2m=[0m85445444 [3mlogs[0m[2m=[0m0
[2m2025-09-28T01:00:02.163480Z[0m [32m INFO[0m [2mmonitor.block[0m[2m:[0m Processing block [3mblock[0m[2m=[0m85445445
[2m2025-09-28T01:00:02.442759Z[0m [32m INFO[0m [2mmonitor.block[0m[2m:[0m Fetched logs [3mblock[0m[2m=[0m85445445 [3mlogs[0m[2m=[0m0
[2m2025-09-28T01:00:04.293944Z[0m [32m INFO[0m [2mmonitor.block[0m[2m:[0m Processing block [3mblock[0m[2m=[0m85445446
[2m2025-09-28T01:00:04.600050Z[0m [32m INFO[0m [2mmonitor.block[0m[2m:[0m Fetched logs [3mblock[0m[2m=[0m85445446 [3mlogs[0m[2m=[0m0
[2m2025-09-28T01:00:06.165960Z[0m [32m INFO[0m [2mmonitor.block[0m[2m:[0m Processing block [3mblock[0m[2m=[0m85445447
[2m2025-09-28T01:00:06.454386Z[0m [32m INFO[0m [2mmonitor.block[0m[2m:[0m Fetched logs [3mblock[0m[2m=[0m85445447 [3mlogs[0m[2m=[0m8
[2m2025-09-28T01:00:06.455115Z[0m [32m INFO[0m [2mmonitor.pool[0m[2m:[0m Applied [3maddress[0m[2m=[0m0x9ec313ff05946b6f3860a99b470625abba7eb0a2 [3mevent[0m[2m=[0m"Swap" [3mamount0[0m[2m=[0m3522608770135393721 [3mamount1[0m[2m=[0m-1499379831813933 [3mtick_from[0m[2m=[0m-77565 [3mtick_to[0m[2m=[0m-77632 [3msqrt_from[0m[2m=[0m1639336298029673759839581767 [3msqrt_to[0m[2m=[0m1633900157310764358347738889 [3mliq_from[0m[2m=[0m21850941688586226893 [3mliq_to[0m[2m=[0m21854209962985611105
[2m2025-09-28T01:00:06.455536Z[0m [32m INFO[0m [2mmonitor.pool[0m[2m:[0m Applied [3maddress[0m[2m=[0m0x54169896d28dec0ffabe3b16f90f71323774949f [3mevent[0m[2m=[0m"Swap" [3mamount0[0m[2m=[0m2175111128438738549 [3mamount1[0m[2m=[0m-927362228687250 [3mtick_from[0m[2m=[0m-77552 [3mtick_to[0m[2m=[0m-77651 [3msqrt_from[0m[2m=[0m1640402655735000683219992595 [3msqrt_to[0m[2m=[0m1632279211667162523300171908 [3mliq_from[0m[2m=[0m9041804773200120234 [3mliq_to[0m[2m=[0m9067048028746298735
[2m2025-09-28T01:00:06.455830Z[0m [32m INFO[0m [2mmonitor.pool[0m[2m:[0m Applied [3maddress[0m[2m=[0m0xd08c50f7e69e9aeb2867deff4a8053d9a855e26a [3mevent[0m[2m=[0m"Swap" [3mamount0[0m[2m=[0m-4696511 [3mamount1[0m[2m=[0m2742330620807961252 [3mtick_from[0m[2m=[0m270897 [3mtick_to[0m[2m=[0m270991 [3msqrt_from[0m[2m=[0m60401738579007013456263788565642352 [3msqrt_to[0m[2m=[0m60686129227853626021348768260721230 [3mliq_from[0m[2m=[0m905952719247157 [3mliq_to[0m[2m=[0m481095025848503
[2m2025-09-28T01:00:06.456071Z[0m [32m INFO[0m [2mmonitor.pool[0m[2m:[0m Applied [3maddress[0m[2m=[0m0x1858d52cf57c07a018171d7a1e68dc081f17144f [3mevent[0m[2m=[0m"Swap" [3mamount0[0m[2m=[0m-2711271 [3mamount1[0m[2m=[0m1582894189178104886 [3mtick_from[0m[2m=[0m270889 [3mtick_to[0m[2m=[0m270985 [3msqrt_from[0m[2m=[0m60376341806831516585665639825015044 [3msqrt_to[0m[2m=[0m60667202571041914168280268785086970 [3mliq_from[0m[2m=[0m430952223839255 [3mliq_to[0m[2m=[0m430952223839255
[2m2025-09-28T01:00:06.456294Z[0m [32m INFO[0m [2mmonitor.pool[0m[2m:[0m Applied [3maddress[0m[2m=[0m0x36a7aff497eef6a9cd7d0e7bc243793fcb3e57e2 [3mevent[0m[2m=[0m"Swap" [3mamount0[0m[2m=[0m139297171 [3mamount1[0m[2m=[0m-139317448312722358119 [3mtick_from[0m[2m=[0m276326 [3mtick_to[0m[2m=[0m276326 [3msqrt_from[0m[2m=[0m79237918270213337622074691388371654 [3msqrt_to[0m[2m=[0m79237863630023589597863323354752879 [3mliq_from[0m[2m=[0m202010012902492125934 [3mliq_to[0m[2m=[0m202010012902492125934
[2m2025-09-28T01:00:06.456505Z[0m [32m INFO[0m [2mmonitor.pool[0m[2m:[0m Applied [3maddress[0m[2m=[0m0xbcf99c834e65e8a58090e20edc058279317865bd [3mevent[0m[2m=[0m"Swap" [3mamount0[0m[2m=[0m8249978 [3mamount1[0m[2m=[0m-8245902998740051523 [3mtick_from[0m[2m=[0m276320 [3mtick_to[0m[2m=[0m276320 [3msqrt_from[0m[2m=[0m79212555250717009373673221113027419 [3msqrt_to[0m[2m=[0m79212552391659491952704094521461005 [3mliq_from[0m[2m=[0m228504581975096749067 [3mliq_to[0m[2m=[0m228504581975096749067
[2m2025-09-28T01:00:06.456734Z[0m [32m INFO[0m [2mmonitor.pool[0m[2m:[0m Applied [3maddress[0m[2m=[0m0xeafc4d6d4c3391cd4fc10c85d2f5f972d58c0dd5 [3mevent[0m[2m=[0m"Swap" [3mamount0[0m[2m=[0m-326434723237335531739 [3mamount1[0m[2m=[0m191593565187703874565 [3mtick_from[0m[2m=[0m-5355 [3mtick_to[0m[2m=[0m-5354 [3msqrt_from[0m[2m=[0m60621069989504090756120499615 [3msqrt_to[0m[2m=[0m60622388608459866737511569695 [3mliq_from[0m[2m=[0m11482966354878226297460874 [3mliq_to[0m[2m=[0m11482966354878226297460874
[2m2025-09-28T01:00:06.457001Z[0m [32m INFO[0m [2mmonitor.pool[0m[2m:[0m Applied [3maddress[0m[2m=[0m0xeafc4d6d4c3391cd4fc10c85d2f5f972d58c0dd5 [3mevent[0m[2m=[0m"Swap" [3mamount0[0m[2m=[0m-3321578043215158418884 [3mamount1[0m[2m=[0m1950000000000000000000 [3mtick_from[0m[2m=[0m-5354 [3mtick_to[0m[2m=[0m-5350 [3msqrt_from[0m[2m=[0m60622388608459866737511569695 [3msqrt_to[0m[2m=[0m60635809241669776782559161622 [3mliq_from[0m[2m=[0m11482966354878226297460874 [3mliq_to[0m[2m=[0m11482966354878226297460874
[2m2025-09-28T01:00:08.158492Z[0m [32m INFO[0m [2mmonitor.block[0m[2m:[0m Processing block [3mblock[0m[2m=[0m85445448
[2m2025-09-28T01:00:08.491537Z[0m [32m INFO[0m [2mmonitor.block[0m[2m:[0m Fetched logs [3mblock[0m[2m=[0m85445448 [3mlogs[0m[2m=[0m0
[2m2025-09-28T01:00:10.169039Z[0m [32m INFO[0m [2mmonitor.block[0m[2m:[0m Processing block [3mblock[0m[2m=[0m85445449
[2m2025-09-28T01:00:10.448369Z[0m [32m INFO[0m [2mmonitor.block[0m[2m:[0m Fetched logs [3mblock[0m[2m=[0m85445449 [3mlogs[0m[2m=[0m0
[2m2025-09-28T01:00:12.209572Z[0m [32m INFO[0m [2mmonitor.block[0m[2m:[0m Processing block [3mblock[0m[2m=[0m85445450
[2m2025-09-28T01:00:12.487248Z[0m [32m INFO[0m [2mmonitor.block[0m[2m:[0m Fetched logs [3mblock[0m[2m=[0m85445450 [3mlogs[0m[2m=[0m0
[2m2025-09-28T01:00:14.160986Z[0m [32m INFO[0m [2mmonitor.block[0m[2m:[0m Processing block [3mblock[0m[2m=[0m85445451
[2m2025-09-28T01:00:14.443179Z[0m [32m INFO[0m [2mmonitor.block[0m[2m:[0m Fetched logs [3mblock[0m[2m=[0m85445451 [3mlogs[0m[2m=[0m0
[2m2025-09-28T01:00:16.163803Z[0m [32m INFO[0m [2mmonitor.block[0m[2m:[0m Processing block [3mblock[0m[2m=[0m85445452
[2m2025-09-28T01:00:16.478282Z[0m [32m INFO[0m [2mmonitor.block[0m[2m:[0m Fetched logs [3mblock[0m[2m=[0m85445452 [3mlogs[0m[2m=[0m0
[2m2025-09-28T01:00:18.321885Z[0m [32m INFO[0m [2mmonitor.block[0m[2m:[0m Processing block [3mblock[0m[2m=[0m85445453
[2m2025-09-28T01:00:18.596148Z[0m [32m INFO[0m [2mmonitor.block[0m[2m:[0m Fetched logs [3mblock[0m[2m=[0m85445453 [3mlogs[0m[2m=[0m0
[2m2025-09-28T01:00:20.266876Z[0m [32m INFO[0m [2mmonitor.block[0m[2m:[0m Processing block [3mblock[0m[2m=[0m85445454
[2m2025-09-28T01:00:20.573606Z[0m [32m INFO[0m [2mmonitor.block[0m[2m:[0m Fetched logs [3mblock[0m[2m=[0m85445454 [3mlogs[0m[2m=[0m0
[2m2025-09-28T01:00:22.167997Z[0m [32m INFO[0m [2mmonitor.block[0m[2m:[0m Processing block [3mblock[0m[2m=[0m85445455
[2m2025-09-28T01:00:22.522075Z[0m [32m INFO[0m [2mmonitor.block[0m[2m:[0m Fetched logs [3mblock[0m[2m=[0m85445455 [3mlogs[0m[2m=[0m0
[2m2025-09-28T01:00:24.168119Z[0m [32m INFO[0m [2mmonitor.block[0m[2m:[0m Processing block [3mblock[0m[2m=[0m85445456
[2m2025-09-28T01:00:24.465662Z[0m [32m INFO[0m [2mmonitor.block[0m[2m:[0m Fetched logs [3mblock[0m[2m=[0m85445456 [3mlogs[0m[2m=[0m0
[2m2025-09-28T01:00:26.169926Z[0m [32m INFO[0m [2mmonitor.block[0m[2m:[0m Processing block [3mblock[0m[2m=[0m85445457
[2m2025-09-28T01:00:26.514312Z[0m [32m INFO[0m [2mmonitor.block[0m[2m:[0m Fetched logs [3mblock[0m[2m=[0m85445457 [3mlogs[0m[2m=[0m0
[2m2025-09-28T01:00:28.256241Z[0m [32m INFO[0m [2mmonitor.block[0m[2m:[0m Processing block [3mblock[0m[2m=[0m85445458
[2m2025-09-28T01:00:28.561600Z[0m [32m INFO[0m [2mmonitor.block[0m[2m:[0m Fetched logs [3mblock[0m[2m=[0m85445458 [3mlogs[0m[2m=[0m0
[2m2025-09-28T01:00:30.160650Z[0m [32m INFO[0m [2mmonitor.block[0m[2m:[0m Processing block [3mblock[0m[2m=[0m85445459
[2m2025-09-28T01:00:30.507498Z[0m [32m INFO[0m [2mmonitor.block[0m[2m:[0m Fetched logs [3mblock[0m[2m=[0m85445459 [3mlogs[0m[2m=[0m0
[2m2025-09-28T01:00:32.169163Z[0m [32m INFO[0m [2mmonitor.block[0m[2m:[0m Processing block [3mblock[0m[2m=[0m85445460
[2m2025-09-28T01:00:32.469090Z[0m [32m INFO[0m [2mmonitor.block[0m[2m:[0m Fetched logs [3mblock[0m[2m=[0m85445460 [3mlogs[0m[2m=[0m0
[2m2025-09-28T01:00:34.194398Z[0m [32m INFO[0m [2mmonitor.block[0m[2m:[0m Processing block [3mblock[0m[2m=[0m85445461
[2m2025-09-28T01:00:34.501369Z[0m [32m INFO[0m [2mmonitor.block[0m[2m:[0m Fetched logs [3mblock[0m[2m=[0m85445461 [3mlogs[0m[2m=[0m0
[2m2025-09-28T01:00:36.161037Z[0m [32m INFO[0m [2mmonitor.block[0m[2m:[0m Processing block [3mblock[0m[2m=[0m85445462
[2m2025-09-28T01:00:36.476162Z[0m [32m INFO[0m [2mmonitor.block[0m[2m:[0m Fetched logs [3mblock[0m[2m=[0m85445462 [3mlogs[0m[2m=[0m0
[2m2025-09-28T01:00:38.160313Z[0m [32m INFO[0m [2mmonitor.block[0m[2m:[0m Processing block [3mblock[0m[2m=[0m85445463
[2m2025-09-28T01:00:38.496343Z[0m [32m INFO[0m [2mmonitor.block[0m[2m:[0m Fetched logs [3mblock[0m[2m=[0m85445463 [3mlogs[0m[2m=[0m0
[2m2025-09-28T01:00:40.235450Z[0m [32m INFO[0m [2mmonitor.block[0m[2m:[0m Processing block [3mblock[0m[2m=[0m85445464
[2m2025-09-28T01:00:40.546934Z[0m [32m INFO[0m [2mmonitor.block[0m[2m:[0m Fetched logs [3mblock[0m[2m=[0m85445464 [3mlogs[0m[2m=[0m0
[2m2025-09-28T01:00:42.181499Z[0m [32m INFO[0m [2mmonitor.block[0m[2m:[0m Processing block [3mblock[0m[2m=[0m85445465
[2m2025-09-28T01:00:42.592398Z[0m [32m INFO[0m [2mmonitor.block[0m[2m:[0m Fetched logs [3mblock[0m[2m=[0m85445465 [3mlogs[0m[2m=[0m0
[2m2025-09-28T01:00:44.169120Z[0m [32m INFO[0m [2mmonitor.block[0m[2m:[0m Processing block [3mblock[0m[2m=[0m85445466
[2m2025-09-28T01:00:44.466435Z[0m [32m INFO[0m [2mmonitor.block[0m[2m:[0m Fetched logs [3mblock[0m[2m=[0m85445466 [3mlogs[0m[2m=[0m0
[2m2025-09-28T01:00:46.160231Z[0m [32m INFO[0m [2mmonitor.block[0m[2m:[0m Processing block [3mblock[0m[2m=[0m85445467
[2m2025-09-28T01:00:46.483242Z[0m [32m INFO[0m [2mmonitor.block[0m[2m:[0m Fetched logs [3mblock[0m[2m=[0m85445467 [3mlogs[0m[2m=[0m0
[2m2025-09-28T01:00:48.158948Z[0m [32m INFO[0m [2mmonitor.block[0m[2m:[0m Processing block [3mblock[0m[2m=[0m85445468
[2m2025-09-28T01:00:48.530243Z[0m [32m INFO[0m [2mmonitor.block[0m[2m:[0m Fetched logs [3mblock[0m[2m=[0m85445468 [3mlogs[0m[2m=[0m0
[2m2025-09-28T01:00:50.168806Z[0m [32m INFO[0m [2mmonitor.block[0m[2m:[0m Processing block [3mblock[0m[2m=[0m85445469
[2m2025-09-28T01:00:50.475903Z[0m [32m INFO[0m [2mmonitor.block[0m[2m:[0m Fetched logs [3mblock[0m[2m=[0m85445469 [3mlogs[0m[2m=[0m0
[2m2025-09-28T01:00:52.164096Z[0m [32m INFO[0m [2mmonitor.block[0m[2m:[0m Processing block [3mblock[0m[2m=[0m85445470
[2m2025-09-28T01:00:52.473768Z[0m [32m INFO[0m [2mmonitor.block[0m[2m:[0m Fetched logs [3mblock[0m[2m=[0m85445470 [3mlogs[0m[2m=[0m0
[2m2025-09-28T01:00:54.226762Z[0m [32m INFO[0m [2mmonitor.block[0m[2m:[0m Processing block [3mblock[0m[2m=[0m85445471
[2m2025-09-28T01:00:54.505620Z[0m [32m INFO[0m [2mmonitor.block[0m[2m:[0m Fetched logs [3mblock[0m[2m=[0m85445471 [3mlogs[0m[2m=[0m0
[2m2025-09-28T01:00:56.160203Z[0m [32m INFO[0m [2mmonitor.block[0m[2m:[0m Processing block [3mblock[0m[2m=[0m85445472
[2m2025-09-28T01:00:56.466871Z[0m [32m INFO[0m [2mmonitor.block[0m[2m:[0m Fetched logs [3mblock[0m[2m=[0m85445472 [3mlogs[0m[2m=[0m0
[2m2025-09-28T01:00:58.157429Z[0m [32m INFO[0m [2mmonitor.block[0m[2m:[0m Processing block [3mblock[0m[2m=[0m85445473
[2m2025-09-28T01:00:58.430515Z[0m [32m INFO[0m [2mmonitor.block[0m[2m:[0m Fetched logs [3mblock[0m[2m=[0m85445473 [3mlogs[0m[2m=[0m0
[2m2025-09-28T01:01:00.203440Z[0m [32m INFO[0m [2mmonitor.block[0m[2m:[0m Processing block [3mblock[0m[2m=[0m85445474
[2m2025-09-28T01:01:00.511121Z[0m [32m INFO[0m [2mmonitor.block[0m[2m:[0m Fetched logs [3mblock[0m[2m=[0m85445474 [3mlogs[0m[2m=[0m0
[2m2025-09-28T01:01:02.159310Z[0m [32m INFO[0m [2mmonitor.block[0m[2m:[0m Processing block [3mblock[0m[2m=[0m85445475
[2m2025-09-28T01:01:02.479163Z[0m [32m INFO[0m [2mmonitor.block[0m[2m:[0m Fetched logs [3mblock[0m[2m=[0m85445475 [3mlogs[0m[2m=[0m0
[2m2025-09-28T01:01:04.197711Z[0m [32m INFO[0m [2mmonitor.block[0m[2m:[0m Processing block [3mblock[0m[2m=[0m85445476
[2m2025-09-28T01:01:04.490356Z[0m [32m INFO[0m [2mmonitor.block[0m[2m:[0m Fetched logs [3mblock[0m[2m=[0m85445476 [3mlogs[0m[2m=[0m0
[2m2025-09-28T01:01:06.157278Z[0m [32m INFO[0m [2mmonitor.block[0m[2m:[0m Processing block [3mblock[0m[2m=[0m85445477
[2m2025-09-28T01:01:06.553115Z[0m [32m INFO[0m [2mmonitor.block[0m[2m:[0m Fetched logs [3mblock[0m[2m=[0m85445477 [3mlogs[0m[2m=[0m0
[2m2025-09-28T01:01:08.190660Z[0m [32m INFO[0m [2mmonitor.block[0m[2m:[0m Processing block [3mblock[0m[2m=[0m85445478
[2m2025-09-28T01:01:08.485377Z[0m [32m INFO[0m [2mmonitor.block[0m[2m:[0m Fetched logs [3mblock[0m[2m=[0m85445478 [3mlogs[0m[2m=[0m0
[2m2025-09-28T01:01:10.162178Z[0m [32m INFO[0m [2mmonitor.block[0m[2m:[0m Processing block [3mblock[0m[2m=[0m85445479
[2m2025-09-28T01:01:10.546095Z[0m [32m INFO[0m [2mmonitor.block[0m[2m:[0m Fetched logs [3mblock[0m[2m=[0m85445479 [3mlogs[0m[2m=[0m0
[2m2025-09-28T01:01:12.163295Z[0m [32m INFO[0m [2mmonitor.block[0m[2m:[0m Processing block [3mblock[0m[2m=[0m85445480
[2m2025-09-28T01:01:12.492662Z[0m [32m INFO[0m [2mmonitor.block[0m[2m:[0m Fetched logs [3mblock[0m[2m=[0m85445480 [3mlogs[0m[2m=[0m0
[2m2025-09-28T01:01:14.171307Z[0m [32m INFO[0m [2mmonitor.block[0m[2m:[0m Processing block [3mblock[0m[2m=[0m85445481
[2m2025-09-28T01:01:14.492056Z[0m [32m INFO[0m [2mmonitor.block[0m[2m:[0m Fetched logs [3mblock[0m[2m=[0m85445481 [3mlogs[0m[2m=[0m0
[2m2025-09-28T01:01:16.160563Z[0m [32m INFO[0m [2mmonitor.block[0m[2m:[0m Processing block [3mblock[0m[2m=[0m85445482
[2m2025-09-28T01:01:16.480297Z[0m [32m INFO[0m [2mmonitor.block[0m[2m:[0m Fetched logs [3mblock[0m[2m=[0m85445482 [3mlogs[0m[2m=[0m0
[2m2025-09-28T01:01:18.226498Z[0m [32m INFO[0m [2mmonitor.block[0m[2m:[0m Processing block [3mblock[0m[2m=[0m85445483
[2m2025-09-28T01:01:18.508355Z[0m [32m INFO[0m [2mmonitor.block[0m[2m:[0m Fetched logs [3mblock[0m[2m=[0m85445483 [3mlogs[0m[2m=[0m0
[2m2025-09-28T01:01:20.172067Z[0m [32m INFO[0m [2mmonitor.block[0m[2m:[0m Processing block [3mblock[0m[2m=[0m85445484
[2m2025-09-28T01:01:20.581178Z[0m [32m INFO[0m [2mmonitor.block[0m[2m:[0m Fetched logs [3mblock[0m[2m=[0m85445484 [3mlogs[0m[2m=[0m0
[2m2025-09-28T01:01:22.197386Z[0m [32m INFO[0m [2mmonitor.block[0m[2m:[0m Processing block [3mblock[0m[2m=[0m85445485
[2m2025-09-28T01:01:22.529464Z[0m [32m INFO[0m [2mmonitor.block[0m[2m:[0m Fetched logs [3mblock[0m[2m=[0m85445485 [3mlogs[0m[2m=[0m0
[2m2025-09-28T01:01:24.268208Z[0m [32m INFO[0m [2mmonitor.block[0m[2m:[0m Processing block [3mblock[0m[2m=[0m85445486
[2m2025-09-28T01:01:24.577485Z[0m [32m INFO[0m [2mmonitor.block[0m[2m:[0m Fetched logs [3mblock[0m[2m=[0m85445486 [3mlogs[0m[2m=[0m0
[2m2025-09-28T01:01:26.167928Z[0m [32m INFO[0m [2mmonitor.block[0m[2m:[0m Processing block [3mblock[0m[2m=[0m85445487
[2m2025-09-28T01:01:26.521459Z[0m [32m INFO[0m [2mmonitor.block[0m[2m:[0m Fetched logs [3mblock[0m[2m=[0m85445487 [3mlogs[0m[2m=[0m0
[2m2025-09-28T01:01:28.166318Z[0m [32m INFO[0m [2mmonitor.block[0m[2m:[0m Processing block [3mblock[0m[2m=[0m85445488
[2m2025-09-28T01:01:28.445256Z[0m [32m INFO[0m [2mmonitor.block[0m[2m:[0m Fetched logs [3mblock[0m[2m=[0m85445488 [3mlogs[0m[2m=[0m0
[2m2025-09-28T01:01:30.207023Z[0m [32m INFO[0m [2mmonitor.block[0m[2m:[0m Processing block [3mblock[0m[2m=[0m85445489
[2m2025-09-28T01:01:30.617427Z[0m [32m INFO[0m [2mmonitor.block[0m[2m:[0m Fetched logs [3mblock[0m[2m=[0m85445489 [3mlogs[0m[2m=[0m0
[2m2025-09-28T01:01:32.165907Z[0m [32m INFO[0m [2mmonitor.block[0m[2m:[0m Processing block [3mblock[0m[2m=[0m85445490
[2m2025-09-28T01:01:32.441974Z[0m [32m INFO[0m [2mmonitor.block[0m[2m:[0m Fetched logs [3mblock[0m[2m=[0m85445490 [3mlogs[0m[2m=[0m0
[2m2025-09-28T01:01:34.201183Z[0m [32m INFO[0m [2mmonitor.block[0m[2m:[0m Processing block [3mblock[0m[2m=[0m85445491
[2m2025-09-28T01:01:34.611151Z[0m [32m INFO[0m [2mmonitor.block[0m[2m:[0m Fetched logs [3mblock[0m[2m=[0m85445491 [3mlogs[0m[2m=[0m0
[2m2025-09-28T01:01:36.178834Z[0m [32m INFO[0m [2mmonitor.block[0m[2m:[0m Processing block [3mblock[0m[2m=[0m85445492
[2m2025-09-28T01:01:36.466653Z[0m [32m INFO[0m [2mmonitor.block[0m[2m:[0m Fetched logs [3mblock[0m[2m=[0m85445492 [3mlogs[0m[2m=[0m0
[2m2025-09-28T01:01:38.160231Z[0m [32m INFO[0m [2mmonitor.block[0m[2m:[0m Processing block [3mblock[0m[2m=[0m85445493
[2m2025-09-28T01:01:38.436451Z[0m [32m INFO[0m [2mmonitor.block[0m[2m:[0m Fetched logs [3mblock[0m[2m=[0m85445493 [3mlogs[0m[2m=[0m0
[2m2025-09-28T01:01:40.242920Z[0m [32m INFO[0m [2mmonitor.block[0m[2m:[0m Processing block [3mblock[0m[2m=[0m85445494
[2m2025-09-28T01:01:40.652748Z[0m [32m INFO[0m [2mmonitor.block[0m[2m:[0m Fetched logs [3mblock[0m[2m=[0m85445494 [3mlogs[0m[2m=[0m0
[2m2025-09-28T01:01:42.188408Z[0m [32m INFO[0m [2mmonitor.block[0m[2m:[0m Processing block [3mblock[0m[2m=[0m85445495
[2m2025-09-28T01:01:42.495370Z[0m [32m INFO[0m [2mmonitor.block[0m[2m:[0m Fetched logs [3mblock[0m[2m=[0m85445495 [3mlogs[0m[2m=[0m0
[2m2025-09-28T01:01:44.162009Z[0m [32m INFO[0m [2mmonitor.block[0m[2m:[0m Processing block [3mblock[0m[2m=[0m85445496
[2m2025-09-28T01:01:44.440771Z[0m [32m INFO[0m [2mmonitor.block[0m[2m:[0m Fetched logs [3mblock[0m[2m=[0m85445496 [3mlogs[0m[2m=[0m0
[2m2025-09-28T01:01:46.166221Z[0m [32m INFO[0m [2mmonitor.block[0m[2m:[0m Processing block [3mblock[0m[2m=[0m85445497
[2m2025-09-28T01:01:46.450871Z[0m [32m INFO[0m [2mmonitor.block[0m[2m:[0m Fetched logs [3mblock[0m[2m=[0m85445497 [3mlogs[0m[2m=[0m0
[2m2025-09-28T01:01:48.231045Z[0m [32m INFO[0m [2mmonitor.block[0m[2m:[0m Processing block [3mblock[0m[2m=[0m85445498
[2m2025-09-28T01:01:48.639999Z[0m [32m INFO[0m [2mmonitor.block[0m[2m:[0m Fetched logs [3mblock[0m[2m=[0m85445498 [3mlogs[0m[2m=[0m0
[2m2025-09-28T01:01:50.278804Z[0m [32m INFO[0m [2mmonitor.block[0m[2m:[0m Processing block [3mblock[0m[2m=[0m85445499
[2m2025-09-28T01:01:50.584867Z[0m [32m INFO[0m [2mmonitor.block[0m[2m:[0m Fetched logs [3mblock[0m[2m=[0m85445499 [3mlogs[0m[2m=[0m0
[2m2025-09-28T01:01:52.226552Z[0m [32m INFO[0m [2mmonitor.block[0m[2m:[0m Processing block [3mblock[0m[2m=[0m85445500
[2m2025-09-28T01:01:52.634051Z[0m [32m INFO[0m [2mmonitor.block[0m[2m:[0m Fetched logs [3mblock[0m[2m=[0m85445500 [3mlogs[0m[2m=[0m0
[2m2025-09-28T01:01:54.159467Z[0m [32m INFO[0m [2mmonitor.block[0m[2m:[0m Processing block [3mblock[0m[2m=[0m85445501
[2m2025-09-28T01:01:54.443430Z[0m [32m INFO[0m [2mmonitor.block[0m[2m:[0m Fetched logs [3mblock[0m[2m=[0m85445501 [3mlogs[0m[2m=[0m0
[2m2025-09-28T01:01:56.159428Z[0m [32m INFO[0m [2mmonitor.block[0m[2m:[0m Processing block [3mblock[0m[2m=[0m85445502
[2m2025-09-28T01:01:56.434887Z[0m [32m INFO[0m [2mmonitor.block[0m[2m:[0m Fetched logs [3mblock[0m[2m=[0m85445502 [3mlogs[0m[2m=[0m0
[2m2025-09-28T01:01:58.159213Z[0m [32m INFO[0m [2mmonitor.block[0m[2m:[0m Processing block [3mblock[0m[2m=[0m85445503
[2m2025-09-28T01:01:58.445402Z[0m [32m INFO[0m [2mmonitor.block[0m[2m:[0m Fetched logs [3mblock[0m[2m=[0m85445503 [3mlogs[0m[2m=[0m0
[2m2025-09-28T01:02:00.211612Z[0m [32m INFO[0m [2mmonitor.block[0m[2m:[0m Processing block [3mblock[0m[2m=[0m85445504
[2m2025-09-28T01:02:00.489065Z[0m [32m INFO[0m [2mmonitor.block[0m[2m:[0m Fetched logs [3mblock[0m[2m=[0m85445504 [3mlogs[0m[2m=[0m0
[2m2025-09-28T01:02:02.178088Z[0m [32m INFO[0m [2mmonitor.block[0m[2m:[0m Processing block [3mblock[0m[2m=[0m85445505
[2m2025-09-28T01:02:02.567105Z[0m [32m INFO[0m [2mmonitor.block[0m[2m:[0m Fetched logs [3mblock[0m[2m=[0m85445505 [3mlogs[0m[2m=[0m0
[2m2025-09-28T01:02:04.204868Z[0m [32m INFO[0m [2mmonitor.block[0m[2m:[0m Processing block [3mblock[0m[2m=[0m85445506
[2m2025-09-28T01:02:04.514227Z[0m [32m INFO[0m [2mmonitor.block[0m[2m:[0m Fetched logs [3mblock[0m[2m=[0m85445506 [3mlogs[0m[2m=[0m0
[2m2025-09-28T01:02:06.160918Z[0m [32m INFO[0m [2mmonitor.block[0m[2m:[0m Processing block [3mblock[0m[2m=[0m85445507
[2m2025-09-28T01:02:06.437493Z[0m [32m INFO[0m [2mmonitor.block[0m[2m:[0m Fetched logs [3mblock[0m[2m=[0m85445507 [3mlogs[0m[2m=[0m1
[2m2025-09-28T01:02:06.438236Z[0m [32m INFO[0m [2mmonitor.pool[0m[2m:[0m Applied [3maddress[0m[2m=[0m0x36a7aff497eef6a9cd7d0e7bc243793fcb3e57e2 [3mevent[0m[2m=[0m"Swap" [3mamount0[0m[2m=[0m-61785918 [3mamount1[0m[2m=[0m61807250017539397434 [3mtick_from[0m[2m=[0m276326 [3mtick_to[0m[2m=[0m276326 [3msqrt_from[0m[2m=[0m79237863630023589597863323354752879 [3msqrt_to[0m[2m=[0m79237887868352626425912571753937983 [3mliq_from[0m[2m=[0m202010012902492125934 [3mliq_to[0m[2m=[0m202010012902492125934
[2m2025-09-28T01:02:08.167652Z[0m [32m INFO[0m [2mmonitor.block[0m[2m:[0m Processing block [3mblock[0m[2m=[0m85445508
[2m2025-09-28T01:02:08.442539Z[0m [32m INFO[0m [2mmonitor.block[0m[2m:[0m Fetched logs [3mblock[0m[2m=[0m85445508 [3mlogs[0m[2m=[0m0
[2m2025-09-28T01:02:10.164837Z[0m [32m INFO[0m [2mmonitor.block[0m[2m:[0m Processing block [3mblock[0m[2m=[0m85445509
[2m2025-09-28T01:02:10.451475Z[0m [32m INFO[0m [2mmonitor.block[0m[2m:[0m Fetched logs [3mblock[0m[2m=[0m85445509 [3mlogs[0m[2m=[0m0
[2m2025-09-28T01:02:12.192010Z[0m [32m INFO[0m [2mmonitor.block[0m[2m:[0m Processing block [3mblock[0m[2m=[0m85445510
[2m2025-09-28T01:02:12.468973Z[0m [32m INFO[0m [2mmonitor.block[0m[2m:[0m Fetched logs [3mblock[0m[2m=[0m85445510 [3mlogs[0m[2m=[0m1
[2m2025-09-28T01:02:12.469600Z[0m [32m INFO[0m [2mmonitor.pool[0m[2m:[0m Applied [3maddress[0m[2m=[0m0x36a7aff497eef6a9cd7d0e7bc243793fcb3e57e2 [3mevent[0m[2m=[0m"Swap" [3mamount0[0m[2m=[0m-61774685 [3mamount1[0m[2m=[0m61796050643809888004 [3mtick_from[0m[2m=[0m276326 [3mtick_to[0m[2m=[0m276326 [3msqrt_from[0m[2m=[0m79237887868352626425912571753937983 [3msqrt_to[0m[2m=[0m79237912102289717238159053129130951 [3mliq_from[0m[2m=[0m202010012902492125934 [3mliq_to[0m[2m=[0m202010012902492125934
[2m2025-09-28T01:02:14.164623Z[0m [32m INFO[0m [2mmonitor.block[0m[2m:[0m Processing block [3mblock[0m[2m=[0m85445511
[2m2025-09-28T01:02:14.441304Z[0m [32m INFO[0m [2mmonitor.block[0m[2m:[0m Fetched logs [3mblock[0m[2m=[0m85445511 [3mlogs[0m[2m=[0m0
[2m2025-09-28T01:02:16.157627Z[0m [32m INFO[0m [2mmonitor.block[0m[2m:[0m Processing block [3mblock[0m[2m=[0m85445512
[2m2025-09-28T01:02:16.436743Z[0m [32m INFO[0m [2mmonitor.block[0m[2m:[0m Fetched logs [3mblock[0m[2m=[0m85445512 [3mlogs[0m[2m=[0m1
[2m2025-09-28T01:02:16.437517Z[0m [32m INFO[0m [2mmonitor.pool[0m[2m:[0m Applied [3maddress[0m[2m=[0m0x36a7aff497eef6a9cd7d0e7bc243793fcb3e57e2 [3mevent[0m[2m=[0m"Swap" [3mamount0[0m[2m=[0m-61769050 [3mamount1[0m[2m=[0m61790452098396640132 [3mtick_from[0m[2m=[0m276326 [3mtick_to[0m[2m=[0m276326 [3msqrt_from[0m[2m=[0m79237912102289717238159053129130951 [3msqrt_to[0m[2m=[0m79237936334031282674087736621137173 [3mliq_from[0m[2m=[0m202010012902492125934 [3mliq_to[0m[2m=[0m202010012902492125934
[2m2025-09-28T01:02:18.166879Z[0m [32m INFO[0m [2mmonitor.block[0m[2m:[0m Processing block [3mblock[0m[2m=[0m85445513
[2m2025-09-28T01:02:18.541039Z[0m [32m INFO[0m [2mmonitor.block[0m[2m:[0m Fetched logs [3mblock[0m[2m=[0m85445513 [3mlogs[0m[2m=[0m0
[2m2025-09-28T01:02:20.179747Z[0m [32m INFO[0m [2mmonitor.block[0m[2m:[0m Processing block [3mblock[0m[2m=[0m85445514
[2m2025-09-28T01:02:20.487086Z[0m [32m INFO[0m [2mmonitor.block[0m[2m:[0m Fetched logs [3mblock[0m[2m=[0m85445514 [3mlogs[0m[2m=[0m0
[2m2025-09-28T01:02:22.227439Z[0m [32m INFO[0m [2mmonitor.block[0m[2m:[0m Processing block [3mblock[0m[2m=[0m85445515
[2m2025-09-28T01:02:22.534813Z[0m [32m INFO[0m [2mmonitor.block[0m[2m:[0m Fetched logs [3mblock[0m[2m=[0m85445515 [3mlogs[0m[2m=[0m0
[2m2025-09-28T01:02:24.162857Z[0m [32m INFO[0m [2mmonitor.block[0m[2m:[0m Processing block [3mblock[0m[2m=[0m85445516
[2m2025-09-28T01:02:24.444015Z[0m [32m INFO[0m [2mmonitor.block[0m[2m:[0m Fetched logs [3mblock[0m[2m=[0m85445516 [3mlogs[0m[2m=[0m0
[2m2025-09-28T01:02:26.164121Z[0m [32m INFO[0m [2mmonitor.block[0m[2m:[0m Processing block [3mblock[0m[2m=[0m85445517
[2m2025-09-28T01:02:26.529245Z[0m [32m INFO[0m [2mmonitor.block[0m[2m:[0m Fetched logs [3mblock[0m[2m=[0m85445517 [3mlogs[0m[2m=[0m1
[2m2025-09-28T01:02:26.530356Z[0m [32m INFO[0m [2mmonitor.pool[0m[2m:[0m Applied [3maddress[0m[2m=[0m0x36a7aff497eef6a9cd7d0e7bc243793fcb3e57e2 [3mevent[0m[2m=[0m"Swap" [3mamount0[0m[2m=[0m-61763417 [3mamount1[0m[2m=[0m61784854313767228525 [3mtick_from[0m[2m=[0m276326 [3mtick_to[0m[2m=[0m276326 [3msqrt_from[0m[2m=[0m79237936334031282674087736621137173 [3msqrt_to[0m[2m=[0m79237960563577621082661633817631608 [3mliq_from[0m[2m=[0m202010012902492125934 [3mliq_to[0m[2m=[0m202010012902492125934
[2m2025-09-28T01:02:28.157717Z[0m [32m INFO[0m [2mmonitor.block[0m[2m:[0m Processing block [3mblock[0m[2m=[0m85445518
[2m2025-09-28T01:02:28.432087Z[0m [32m INFO[0m [2mmonitor.block[0m[2m:[0m Fetched logs [3mblock[0m[2m=[0m85445518 [3mlogs[0m[2m=[0m0
[2m2025-09-28T01:02:30.215626Z[0m [32m INFO[0m [2mmonitor.block[0m[2m:[0m Processing block [3mblock[0m[2m=[0m85445519
[2m2025-09-28T01:02:30.493071Z[0m [32m INFO[0m [2mmonitor.block[0m[2m:[0m Fetched logs [3mblock[0m[2m=[0m85445519 [3mlogs[0m[2m=[0m0
[2m2025-09-28T01:02:32.165749Z[0m [32m INFO[0m [2mmonitor.block[0m[2m:[0m Processing block [3mblock[0m[2m=[0m85445520
[2m2025-09-28T01:02:32.468642Z[0m [32m INFO[0m [2mmonitor.block[0m[2m:[0m Fetched logs [3mblock[0m[2m=[0m85445520 [3mlogs[0m[2m=[0m1
[2m2025-09-28T01:02:32.469536Z[0m [32m INFO[0m [2mmonitor.pool[0m[2m:[0m Applied [3maddress[0m[2m=[0m0x36a7aff497eef6a9cd7d0e7bc243793fcb3e57e2 [3mevent[0m[2m=[0m"Swap" [3mamount0[0m[2m=[0m-61752190 [3mamount1[0m[2m=[0m61773661026308596561 [3mtick_from[0m[2m=[0m276326 [3mtick_to[0m[2m=[0m276326 [3msqrt_from[0m[2m=[0m79237960563577621082661633817631608 [3msqrt_to[0m[2m=[0m79237984788734400267210321089758035 [3mliq_from[0m[2m=[0m202010012902492125934 [3mliq_to[0m[2m=[0m202010012902492125934
[2m2025-09-28T01:02:34.210998Z[0m [32m INFO[0m [2mmonitor.block[0m[2m:[0m Processing block [3mblock[0m[2m=[0m85445521
[2m2025-09-28T01:02:34.515897Z[0m [32m INFO[0m [2mmonitor.block[0m[2m:[0m Fetched logs [3mblock[0m[2m=[0m85445521 [3mlogs[0m[2m=[0m1
[2m2025-09-28T01:02:34.516667Z[0m [32m INFO[0m [2mmonitor.pool[0m[2m:[0m Applied [3maddress[0m[2m=[0m0xeafc4d6d4c3391cd4fc10c85d2f5f972d58c0dd5 [3mevent[0m[2m=[0m"Swap" [3mamount0[0m[2m=[0m-4028037371414214448924 [3mamount1[0m[2m=[0m2365900000000000000000 [3mtick_from[0m[2m=[0m-5350 [3mtick_to[0m[2m=[0m-5344 [3msqrt_from[0m[2m=[0m60635809241669776782559161622 [3msqrt_to[0m[2m=[0m60652092255060200462342801489 [3mliq_from[0m[2m=[0m11482966354878226297460874 [3mliq_to[0m[2m=[0m11482966354878226297460874
[2m2025-09-28T01:02:36.171314Z[0m [32m INFO[0m [2mmonitor.block[0m[2m:[0m Processing block [3mblock[0m[2m=[0m85445522
[2m2025-09-28T01:02:36.447754Z[0m [32m INFO[0m [2mmonitor.block[0m[2m:[0m Fetched logs [3mblock[0m[2m=[0m85445522 [3mlogs[0m[2m=[0m2
[2m2025-09-28T01:02:36.448387Z[0m [32m INFO[0m [2mmonitor.pool[0m[2m:[0m Applied [3maddress[0m[2m=[0m0xeafc4d6d4c3391cd4fc10c85d2f5f972d58c0dd5 [3mevent[0m[2m=[0m"Swap" [3mamount0[0m[2m=[0m-499850806359299735349 [3mamount1[0m[2m=[0m293680000000000000000 [3mtick_from[0m[2m=[0m-5344 [3mtick_to[0m[2m=[0m-5344 [3msqrt_from[0m[2m=[0m60652092255060200462342801489 [3msqrt_to[0m[2m=[0m60654113471245372965947712667 [3mliq_from[0m[2m=[0m11482966354878226297460874 [3mliq_to[0m[2m=[0m11482966354878226297460874
[2m2025-09-28T01:02:36.448701Z[0m [32m INFO[0m [2mmonitor.pool[0m[2m:[0m Applied [3maddress[0m[2m=[0m0xeafc4d6d4c3391cd4fc10c85d2f5f972d58c0dd5 [3mevent[0m[2m=[0m"Swap" [3mamount0[0m[2m=[0m-4644935514409035096282 [3mamount1[0m[2m=[0m2730000000000000000000 [3mtick_from[0m[2m=[0m-5344 [3mtick_to[0m[2m=[0m-5337 [3msqrt_from[0m[2m=[0m60654113471245372965947712667 [3msqrt_to[0m[2m=[0m60672902357739247029014341365 [3mliq_from[0m[2m=[0m11482966354878226297460874 [3mliq_to[0m[2m=[0m11482966354878226297460874
[2m2025-09-28T01:02:38.203053Z[0m [32m INFO[0m [2mmonitor.block[0m[2m:[0m Processing block [3mblock[0m[2m=[0m85445523
[2m2025-09-28T01:02:38.510339Z[0m [32m INFO[0m [2mmonitor.block[0m[2m:[0m Fetched logs [3mblock[0m[2m=[0m85445523 [3mlogs[0m[2m=[0m2
[2m2025-09-28T01:02:38.511417Z[0m [32m INFO[0m [2mmonitor.pool[0m[2m:[0m Applied [3maddress[0m[2m=[0m0x36a7aff497eef6a9cd7d0e7bc243793fcb3e57e2 [3mevent[0m[2m=[0m"Swap" [3mamount0[0m[2m=[0m259766657 [3mamount1[0m[2m=[0m-259804752357799947534 [3mtick_from[0m[2m=[0m276326 [3mtick_to[0m[2m=[0m276326 [3msqrt_from[0m[2m=[0m79237984788734400267210321089758035 [3msqrt_to[0m[2m=[0m79237882893522148003454434705195580 [3mliq_from[0m[2m=[0m202010012902492125934 [3mliq_to[0m[2m=[0m202010012902492125934
[2m2025-09-28T01:02:38.511995Z[0m [32m INFO[0m [2mmonitor.pool[0m[2m:[0m Applied [3maddress[0m[2m=[0m0x36a7aff497eef6a9cd7d0e7bc243793fcb3e57e2 [3mevent[0m[2m=[0m"Swap" [3mamount0[0m[2m=[0m-61741124 [3mamount1[0m[2m=[0m61762470780331669113 [3mtick_from[0m[2m=[0m276326 [3mtick_to[0m[2m=[0m276326 [3msqrt_from[0m[2m=[0m79237882893522148003454434705195580 [3msqrt_to[0m[2m=[0m79237907114290560711338337283147830 [3mliq_from[0m[2m=[0m202010012902492125934 [3mliq_to[0m[2m=[0m202010012902492125934
[2m2025-09-28T01:02:40.251045Z[0m [32m INFO[0m [2mmonitor.block[0m[2m:[0m Processing block [3mblock[0m[2m=[0m85445524
[2m2025-09-28T01:02:40.558068Z[0m [32m INFO[0m [2mmonitor.block[0m[2m:[0m Fetched logs [3mblock[0m[2m=[0m85445524 [3mlogs[0m[2m=[0m2
[2m2025-09-28T01:02:40.558914Z[0m [32m INFO[0m [2mmonitor.pool[0m[2m:[0m Applied [3maddress[0m[2m=[0m0xbcf99c834e65e8a58090e20edc058279317865bd [3mevent[0m[2m=[0m"Swap" [3mamount0[0m[2m=[0m4711624 [3mamount1[0m[2m=[0m-4709295633308463798 [3mtick_from[0m[2m=[0m276320 [3mtick_to[0m[2m=[0m276320 [3msqrt_from[0m[2m=[0m79212552391659491952704094521461005 [3msqrt_to[0m[2m=[0m79212550758830790932865866209793365 [3mliq_from[0m[2m=[0m228504581975096749067 [3mliq_to[0m[2m=[0m228504581975096749067
[2m2025-09-28T01:02:40.559364Z[0m [32m INFO[0m [2mmonitor.pool[0m[2m:[0m Applied [3maddress[0m[2m=[0m0xeafc4d6d4c3391cd4fc10c85d2f5f972d58c0dd5 [3mevent[0m[2m=[0m"Swap" [3mamount0[0m[2m=[0m4709295633308463798 [3mamount1[0m[2m=[0m-2754857229491474327 [3mtick_from[0m[2m=[0m-5337 [3mtick_to[0m[2m=[0m-5337 [3msqrt_from[0m[2m=[0m60672902357739247029014341365 [3msqrt_to[0m[2m=[0m60672883350257248353320636466 [3mliq_from[0m[2m=[0m11482966354878226297460874 [3mliq_to[0m[2m=[0m11482966354878226297460874
[2m2025-09-28T01:02:42.172168Z[0m [32m INFO[0m [2mmonitor.block[0m[2m:[0m Processing block [3mblock[0m[2m=[0m85445525
[2m2025-09-28T01:02:42.503287Z[0m [32m INFO[0m [2mmonitor.block[0m[2m:[0m Fetched logs [3mblock[0m[2m=[0m85445525 [3mlogs[0m[2m=[0m0
[2m2025-09-28T01:02:44.244503Z[0m [32m INFO[0m [2mmonitor.block[0m[2m:[0m Processing block [3mblock[0m[2m=[0m85445526
[2m2025-09-28T01:02:44.526780Z[0m [32m INFO[0m [2mmonitor.block[0m[2m:[0m Fetched logs [3mblock[0m[2m=[0m85445526 [3mlogs[0m[2m=[0m0
[2m2025-09-28T01:02:46.161946Z[0m [32m INFO[0m [2mmonitor.block[0m[2m:[0m Processing block [3mblock[0m[2m=[0m85445527
[2m2025-09-28T01:02:46.498564Z[0m [32m INFO[0m [2mmonitor.block[0m[2m:[0m Fetched logs [3mblock[0m[2m=[0m85445527 [3mlogs[0m[2m=[0m0
[2m2025-09-28T01:02:48.237902Z[0m [32m INFO[0m [2mmonitor.block[0m[2m:[0m Processing block [3mblock[0m[2m=[0m85445528
[2m2025-09-28T01:02:48.546909Z[0m [32m INFO[0m [2mmonitor.block[0m[2m:[0m Fetched logs [3mblock[0m[2m=[0m85445528 [3mlogs[0m[2m=[0m0
[2m2025-09-28T01:02:50.200842Z[0m [32m INFO[0m [2mmonitor.block[0m[2m:[0m Processing block [3mblock[0m[2m=[0m85445529
[2m2025-09-28T01:02:50.491057Z[0m [32m INFO[0m [2mmonitor.block[0m[2m:[0m Fetched logs [3mblock[0m[2m=[0m85445529 [3mlogs[0m[2m=[0m0
[2m2025-09-28T01:02:52.232184Z[0m [32m INFO[0m [2mmonitor.block[0m[2m:[0m Processing block [3mblock[0m[2m=[0m85445530
[2m2025-09-28T01:02:52.538374Z[0m [32m INFO[0m [2mmonitor.block[0m[2m:[0m Fetched logs [3mblock[0m[2m=[0m85445530 [3mlogs[0m[2m=[0m0
[2m2025-09-28T01:02:54.157962Z[0m [32m INFO[0m [2mmonitor.block[0m[2m:[0m Processing block [3mblock[0m[2m=[0m85445531
[2m2025-09-28T01:02:54.434534Z[0m [32m INFO[0m [2mmonitor.block[0m[2m:[0m Fetched logs [3mblock[0m[2m=[0m85445531 [3mlogs[0m[2m=[0m0
[2m2025-09-28T01:02:56.160347Z[0m [32m INFO[0m [2mmonitor.block[0m[2m:[0m Processing block [3mblock[0m[2m=[0m85445532
[2m2025-09-28T01:02:56.432914Z[0m [32m INFO[0m [2mmonitor.block[0m[2m:[0m Fetched logs [3mblock[0m[2m=[0m85445532 [3mlogs[0m[2m=[0m0
[2m2025-09-28T01:02:58.166062Z[0m [32m INFO[0m [2mmonitor.block[0m[2m:[0m Processing block [3mblock[0m[2m=[0m85445533
[2m2025-09-28T01:02:58.442240Z[0m [32m INFO[0m [2mmonitor.block[0m[2m:[0m Fetched logs [3mblock[0m[2m=[0m85445533 [3mlogs[0m[2m=[0m0
[2m2025-09-28T01:03:00.198811Z[0m [32m INFO[0m [2mmonitor.block[0m[2m:[0m Processing block [3mblock[0m[2m=[0m85445534
[2m2025-09-28T01:03:00.472103Z[0m [32m INFO[0m [2mmonitor.block[0m[2m:[0m Fetched logs [3mblock[0m[2m=[0m85445534 [3mlogs[0m[2m=[0m0
[2m2025-09-28T01:03:02.267389Z[0m [32m INFO[0m [2mmonitor.block[0m[2m:[0m Processing block [3mblock[0m[2m=[0m85445535
[2m2025-09-28T01:03:02.575020Z[0m [32m INFO[0m [2mmonitor.block[0m[2m:[0m Fetched logs [3mblock[0m[2m=[0m85445535 [3mlogs[0m[2m=[0m0
[2m2025-09-28T01:03:04.212720Z[0m [32m INFO[0m [2mmonitor.block[0m[2m:[0m Processing block [3mblock[0m[2m=[0m85445536
[2m2025-09-28T01:03:04.520070Z[0m [32m INFO[0m [2mmonitor.block[0m[2m:[0m Fetched logs [3mblock[0m[2m=[0m85445536 [3mlogs[0m[2m=[0m0
[2m2025-09-28T01:03:06.171307Z[0m [32m INFO[0m [2mmonitor.block[0m[2m:[0m Processing block [3mblock[0m[2m=[0m85445537
[2m2025-09-28T01:03:06.567479Z[0m [32m INFO[0m [2mmonitor.block[0m[2m:[0m Fetched logs [3mblock[0m[2m=[0m85445537 [3mlogs[0m[2m=[0m0
[2m2025-09-28T01:03:08.207343Z[0m [32m INFO[0m [2mmonitor.block[0m[2m:[0m Processing block [3mblock[0m[2m=[0m85445538
[2m2025-09-28T01:03:08.513146Z[0m [32m INFO[0m [2mmonitor.block[0m[2m:[0m Fetched logs [3mblock[0m[2m=[0m85445538 [3mlogs[0m[2m=[0m0
[2m2025-09-28T01:03:10.254149Z[0m [32m INFO[0m [2mmonitor.block[0m[2m:[0m Processing block [3mblock[0m[2m=[0m85445539
[2m2025-09-28T01:03:10.561981Z[0m [32m INFO[0m [2mmonitor.block[0m[2m:[0m Fetched logs [3mblock[0m[2m=[0m85445539 [3mlogs[0m[2m=[0m0
[2m2025-09-28T01:03:12.159542Z[0m [32m INFO[0m [2mmonitor.block[0m[2m:[0m Processing block [3mblock[0m[2m=[0m85445540
[2m2025-09-28T01:03:12.507298Z[0m [32m INFO[0m [2mmonitor.block[0m[2m:[0m Fetched logs [3mblock[0m[2m=[0m85445540 [3mlogs[0m[2m=[0m0
[2m2025-09-28T01:03:14.162489Z[0m [32m INFO[0m [2mmonitor.block[0m[2m:[0m Processing block [3mblock[0m[2m=[0m85445541
[2m2025-09-28T01:03:14.438554Z[0m [32m INFO[0m [2mmonitor.block[0m[2m:[0m Fetched logs [3mblock[0m[2m=[0m85445541 [3mlogs[0m[2m=[0m0
[2m2025-09-28T01:03:16.163846Z[0m [32m INFO[0m [2mmonitor.block[0m[2m:[0m Processing block [3mblock[0m[2m=[0m85445542
[2m2025-09-28T01:03:16.501116Z[0m [32m INFO[0m [2mmonitor.block[0m[2m:[0m Fetched logs [3mblock[0m[2m=[0m85445542 [3mlogs[0m[2m=[0m0
[2m2025-09-28T01:03:18.160052Z[0m [32m INFO[0m [2mmonitor.block[0m[2m:[0m Processing block [3mblock[0m[2m=[0m85445543
[2m2025-09-28T01:03:18.437292Z[0m [32m INFO[0m [2mmonitor.block[0m[2m:[0m Fetched logs [3mblock[0m[2m=[0m85445543 [3mlogs[0m[2m=[0m0
[2m2025-09-28T01:03:20.187327Z[0m [32m INFO[0m [2mmonitor.block[0m[2m:[0m Processing block [3mblock[0m[2m=[0m85445544
[2m2025-09-28T01:03:20.494140Z[0m [32m INFO[0m [2mmonitor.block[0m[2m:[0m Fetched logs [3mblock[0m[2m=[0m85445544 [3mlogs[0m[2m=[0m0
[2m2025-09-28T01:03:22.235486Z[0m [32m INFO[0m [2mmonitor.block[0m[2m:[0m Processing block [3mblock[0m[2m=[0m85445545
[2m2025-09-28T01:03:22.542631Z[0m [32m INFO[0m [2mmonitor.block[0m[2m:[0m Fetched logs [3mblock[0m[2m=[0m85445545 [3mlogs[0m[2m=[0m0
[2m2025-09-28T01:03:24.180949Z[0m [32m INFO[0m [2mmonitor.block[0m[2m:[0m Processing block [3mblock[0m[2m=[0m85445546
[2m2025-09-28T01:03:24.457388Z[0m [32m INFO[0m [2mmonitor.block[0m[2m:[0m Fetched logs [3mblock[0m[2m=[0m85445546 [3mlogs[0m[2m=[0m0
[2m2025-09-28T01:03:26.159691Z[0m [32m INFO[0m [2mmonitor.block[0m[2m:[0m Processing block [3mblock[0m[2m=[0m85445547
[2m2025-09-28T01:03:26.436355Z[0m [32m INFO[0m [2mmonitor.block[0m[2m:[0m Fetched logs [3mblock[0m[2m=[0m85445547 [3mlogs[0m[2m=[0m0
[2m2025-09-28T01:03:28.277090Z[0m [32m INFO[0m [2mmonitor.block[0m[2m:[0m Processing block [3mblock[0m[2m=[0m85445548
[2m2025-09-28T01:03:28.597729Z[0m [32m INFO[0m [2mmonitor.block[0m[2m:[0m Fetched logs [3mblock[0m[2m=[0m85445548 [3mlogs[0m[2m=[0m0
[2m2025-09-28T01:03:30.162829Z[0m [32m INFO[0m [2mmonitor.block[0m[2m:[0m Processing block [3mblock[0m[2m=[0m85445549
[2m2025-09-28T01:03:30.436527Z[0m [32m INFO[0m [2mmonitor.block[0m[2m:[0m Fetched logs [3mblock[0m[2m=[0m85445549 [3mlogs[0m[2m=[0m0
[2m2025-09-28T01:03:32.160854Z[0m [32m INFO[0m [2mmonitor.block[0m[2m:[0m Processing block [3mblock[0m[2m=[0m85445550
[2m2025-09-28T01:03:32.476031Z[0m [32m INFO[0m [2mmonitor.block[0m[2m:[0m Fetched logs [3mblock[0m[2m=[0m85445550 [3mlogs[0m[2m=[0m0
[2m2025-09-28T01:03:34.216531Z[0m [32m INFO[0m [2mmonitor.block[0m[2m:[0m Processing block [3mblock[0m[2m=[0m85445551
[2m2025-09-28T01:03:34.523953Z[0m [32m INFO[0m [2mmonitor.block[0m[2m:[0m Fetched logs [3mblock[0m[2m=[0m85445551 [3mlogs[0m[2m=[0m0
[2m2025-09-28T01:03:36.161377Z[0m [32m INFO[0m [2mmonitor.block[0m[2m:[0m Processing block [3mblock[0m[2m=[0m85445552
[2m2025-09-28T01:03:36.469841Z[0m [32m INFO[0m [2mmonitor.block[0m[2m:[0m Fetched logs [3mblock[0m[2m=[0m85445552 [3mlogs[0m[2m=[0m0
[2m2025-09-28T01:03:38.209909Z[0m [32m INFO[0m [2mmonitor.block[0m[2m:[0m Processing block [3mblock[0m[2m=[0m85445553
[2m2025-09-28T01:03:38.517961Z[0m [32m INFO[0m [2mmonitor.block[0m[2m:[0m Fetched logs [3mblock[0m[2m=[0m85445553 [3mlogs[0m[2m=[0m0
[2m2025-09-28T01:03:40.258203Z[0m [32m INFO[0m [2mmonitor.block[0m[2m:[0m Processing block [3mblock[0m[2m=[0m85445554
[2m2025-09-28T01:03:40.565308Z[0m [32m INFO[0m [2mmonitor.block[0m[2m:[0m Fetched logs [3mblock[0m[2m=[0m85445554 [3mlogs[0m[2m=[0m0
[2m2025-09-28T01:03:42.173111Z[0m [32m INFO[0m [2mmonitor.block[0m[2m:[0m Processing block [3mblock[0m[2m=[0m85445555
[2m2025-09-28T01:03:42.513009Z[0m [32m INFO[0m [2mmonitor.block[0m[2m:[0m Fetched logs [3mblock[0m[2m=[0m85445555 [3mlogs[0m[2m=[0m0
[2m2025-09-28T01:03:44.166105Z[0m [32m INFO[0m [2mmonitor.block[0m[2m:[0m Processing block [3mblock[0m[2m=[0m85445556
[2m2025-09-28T01:03:44.442859Z[0m [32m INFO[0m [2mmonitor.block[0m[2m:[0m Fetched logs [3mblock[0m[2m=[0m85445556 [3mlogs[0m[2m=[0m0
[2m2025-09-28T01:03:46.161048Z[0m [32m INFO[0m [2mmonitor.block[0m[2m:[0m Processing block [3mblock[0m[2m=[0m85445557
[2m2025-09-28T01:03:46.506004Z[0m [32m INFO[0m [2mmonitor.block[0m[2m:[0m Fetched logs [3mblock[0m[2m=[0m85445557 [3mlogs[0m[2m=[0m0
[2m2025-09-28T01:03:48.165168Z[0m [32m INFO[0m [2mmonitor.block[0m[2m:[0m Processing block [3mblock[0m[2m=[0m85445558
[2m2025-09-28T01:03:48.437355Z[0m [32m INFO[0m [2mmonitor.block[0m[2m:[0m Fetched logs [3mblock[0m[2m=[0m85445558 [3mlogs[0m[2m=[0m0
[2m2025-09-28T01:03:50.179755Z[0m [32m INFO[0m [2mmonitor.block[0m[2m:[0m Processing block [3mblock[0m[2m=[0m85445559
[2m2025-09-28T01:03:50.491061Z[0m [32m INFO[0m [2mmonitor.block[0m[2m:[0m Fetched logs [3mblock[0m[2m=[0m85445559 [3mlogs[0m[2m=[0m0
[2m2025-09-28T01:03:52.239315Z[0m [32m INFO[0m [2mmonitor.block[0m[2m:[0m Processing block [3mblock[0m[2m=[0m85445560
[2m2025-09-28T01:03:52.546602Z[0m [32m INFO[0m [2mmonitor.block[0m[2m:[0m Fetched logs [3mblock[0m[2m=[0m85445560 [3mlogs[0m[2m=[0m1
[2m2025-09-28T01:03:52.547547Z[0m [32m INFO[0m [2mmonitor.pool[0m[2m:[0m Applied [3maddress[0m[2m=[0m0x6488f911c6cd86c289aa319c5a826dcf8f1ca065 [3mevent[0m[2m=[0m"Swap" [3mamount0[0m[2m=[0m-20450689 [3mamount1[0m[2m=[0m20442490 [3mtick_from[0m[2m=[0m-6 [3mtick_to[0m[2m=[0m-5 [3msqrt_from[0m[2m=[0m79208249039423226089263296440 [3msqrt_to[0m[2m=[0m79208378430315266142572772454 [3mliq_from[0m[2m=[0m12515418232869 [3mliq_to[0m[2m=[0m12519403988126
[2m2025-09-28T01:03:54.162373Z[0m [32m INFO[0m [2mmonitor.block[0m[2m:[0m Processing block [3mblock[0m[2m=[0m85445561
[2m2025-09-28T01:03:54.442428Z[0m [32m INFO[0m [2mmonitor.block[0m[2m:[0m Fetched logs [3mblock[0m[2m=[0m85445561 [3mlogs[0m[2m=[0m0
[2m2025-09-28T01:03:56.158929Z[0m [32m INFO[0m [2mmonitor.block[0m[2m:[0m Processing block [3mblock[0m[2m=[0m85445562
[2m2025-09-28T01:03:56.438181Z[0m [32m INFO[0m [2mmonitor.block[0m[2m:[0m Fetched logs [3mblock[0m[2m=[0m85445562 [3mlogs[0m[2m=[0m0
[2m2025-09-28T01:03:58.161339Z[0m [32m INFO[0m [2mmonitor.block[0m[2m:[0m Processing block [3mblock[0m[2m=[0m85445563
[2m2025-09-28T01:03:58.447611Z[0m [32m INFO[0m [2mmonitor.block[0m[2m:[0m Fetched logs [3mblock[0m[2m=[0m85445563 [3mlogs[0m[2m=[0m0
[2m2025-09-28T01:04:00.160749Z[0m [32m INFO[0m [2mmonitor.block[0m[2m:[0m Processing block [3mblock[0m[2m=[0m85445564
[2m2025-09-28T01:04:00.533402Z[0m [32m INFO[0m [2mmonitor.block[0m[2m:[0m Fetched logs [3mblock[0m[2m=[0m85445564 [3mlogs[0m[2m=[0m0
[2m2025-09-28T01:04:02.172945Z[0m [32m INFO[0m [2mmonitor.block[0m[2m:[0m Processing block [3mblock[0m[2m=[0m85445565
[2m2025-09-28T01:04:02.479078Z[0m [32m INFO[0m [2mmonitor.block[0m[2m:[0m Fetched logs [3mblock[0m[2m=[0m85445565 [3mlogs[0m[2m=[0m0
[2m2025-09-28T01:04:04.220368Z[0m [32m INFO[0m [2mmonitor.block[0m[2m:[0m Processing block [3mblock[0m[2m=[0m85445566
[2m2025-09-28T01:04:04.527852Z[0m [32m INFO[0m [2mmonitor.block[0m[2m:[0m Fetched logs [3mblock[0m[2m=[0m85445566 [3mlogs[0m[2m=[0m0
[2m2025-09-28T01:04:06.176853Z[0m [32m INFO[0m [2mmonitor.block[0m[2m:[0m Processing block [3mblock[0m[2m=[0m85445567
[2m2025-09-28T01:04:06.473751Z[0m [32m INFO[0m [2mmonitor.block[0m[2m:[0m Fetched logs [3mblock[0m[2m=[0m85445567 [3mlogs[0m[2m=[0m0
[2m2025-09-28T01:04:08.214005Z[0m [32m INFO[0m [2mmonitor.block[0m[2m:[0m Processing block [3mblock[0m[2m=[0m85445568
[2m2025-09-28T01:04:08.494005Z[0m [32m INFO[0m [2mmonitor.block[0m[2m:[0m Fetched logs [3mblock[0m[2m=[0m85445568 [3mlogs[0m[2m=[0m0
[2m2025-09-28T01:04:10.210315Z[0m [32m INFO[0m [2mmonitor.block[0m[2m:[0m Processing block [3mblock[0m[2m=[0m85445569
[2m2025-09-28T01:04:10.486072Z[0m [32m INFO[0m [2mmonitor.block[0m[2m:[0m Fetched logs [3mblock[0m[2m=[0m85445569 [3mlogs[0m[2m=[0m0
[2m2025-09-28T01:04:12.159860Z[0m [32m INFO[0m [2mmonitor.block[0m[2m:[0m Processing block [3mblock[0m[2m=[0m85445570
[2m2025-09-28T01:04:12.516505Z[0m [32m INFO[0m [2mmonitor.block[0m[2m:[0m Fetched logs [3mblock[0m[2m=[0m85445570 [3mlogs[0m[2m=[0m0
[2m2025-09-28T01:04:14.161894Z[0m [32m INFO[0m [2mmonitor.block[0m[2m:[0m Processing block [3mblock[0m[2m=[0m85445571
[2m2025-09-28T01:04:14.440005Z[0m [32m INFO[0m [2mmonitor.block[0m[2m:[0m Fetched logs [3mblock[0m[2m=[0m85445571 [3mlogs[0m[2m=[0m0
[2m2025-09-28T01:04:16.161560Z[0m [32m INFO[0m [2mmonitor.block[0m[2m:[0m Processing block [3mblock[0m[2m=[0m85445572
[2m2025-09-28T01:04:16.439748Z[0m [32m INFO[0m [2mmonitor.block[0m[2m:[0m Fetched logs [3mblock[0m[2m=[0m85445572 [3mlogs[0m[2m=[0m0
[2m2025-09-28T01:04:18.170494Z[0m [32m INFO[0m [2mmonitor.block[0m[2m:[0m Processing block [3mblock[0m[2m=[0m85445573
[2m2025-09-28T01:04:18.556937Z[0m [32m INFO[0m [2mmonitor.block[0m[2m:[0m Fetched logs [3mblock[0m[2m=[0m85445573 [3mlogs[0m[2m=[0m0
[2m2025-09-28T01:04:20.194981Z[0m [32m INFO[0m [2mmonitor.block[0m[2m:[0m Processing block [3mblock[0m[2m=[0m85445574
[2m2025-09-28T01:04:20.471169Z[0m [32m INFO[0m [2mmonitor.block[0m[2m:[0m Fetched logs [3mblock[0m[2m=[0m85445574 [3mlogs[0m[2m=[0m0
[2m2025-09-28T01:04:22.243187Z[0m [32m INFO[0m [2mmonitor.block[0m[2m:[0m Processing block [3mblock[0m[2m=[0m85445575
[2m2025-09-28T01:04:22.550568Z[0m [32m INFO[0m [2mmonitor.block[0m[2m:[0m Fetched logs [3mblock[0m[2m=[0m85445575 [3mlogs[0m[2m=[0m0
[2m2025-09-28T01:04:24.188644Z[0m [32m INFO[0m [2mmonitor.block[0m[2m:[0m Processing block [3mblock[0m[2m=[0m85445576
[2m2025-09-28T01:04:24.461994Z[0m [32m INFO[0m [2mmonitor.block[0m[2m:[0m Fetched logs [3mblock[0m[2m=[0m85445576 [3mlogs[0m[2m=[0m0
[2m2025-09-28T01:04:26.210267Z[0m [32m INFO[0m [2mmonitor.block[0m[2m:[0m Processing block [3mblock[0m[2m=[0m85445577
[2m2025-09-28T01:04:26.492383Z[0m [32m INFO[0m [2mmonitor.block[0m[2m:[0m Fetched logs [3mblock[0m[2m=[0m85445577 [3mlogs[0m[2m=[0m0
[2m2025-09-28T01:04:28.183000Z[0m [32m INFO[0m [2mmonitor.block[0m[2m:[0m Processing block [3mblock[0m[2m=[0m85445578
[2m2025-09-28T01:04:28.489918Z[0m [32m INFO[0m [2mmonitor.block[0m[2m:[0m Fetched logs [3mblock[0m[2m=[0m85445578 [3mlogs[0m[2m=[0m0
[2m2025-09-28T01:04:30.230338Z[0m [32m INFO[0m [2mmonitor.block[0m[2m:[0m Processing block [3mblock[0m[2m=[0m85445579
[2m2025-09-28T01:04:30.503788Z[0m [32m INFO[0m [2mmonitor.block[0m[2m:[0m Fetched logs [3mblock[0m[2m=[0m85445579 [3mlogs[0m[2m=[0m0
[2m2025-09-28T01:04:32.176290Z[0m [32m INFO[0m [2mmonitor.block[0m[2m:[0m Processing block [3mblock[0m[2m=[0m85445580
[2m2025-09-28T01:04:32.451111Z[0m [32m INFO[0m [2mmonitor.block[0m[2m:[0m Fetched logs [3mblock[0m[2m=[0m85445580 [3mlogs[0m[2m=[0m0
[2m2025-09-28T01:04:34.223849Z[0m [32m INFO[0m [2mmonitor.block[0m[2m:[0m Processing block [3mblock[0m[2m=[0m85445581
[2m2025-09-28T01:04:34.530605Z[0m [32m INFO[0m [2mmonitor.block[0m[2m:[0m Fetched logs [3mblock[0m[2m=[0m85445581 [3mlogs[0m[2m=[0m0
[2m2025-09-28T01:04:36.159673Z[0m [32m INFO[0m [2mmonitor.block[0m[2m:[0m Processing block [3mblock[0m[2m=[0m85445582
[2m2025-09-28T01:04:36.476219Z[0m [32m INFO[0m [2mmonitor.block[0m[2m:[0m Fetched logs [3mblock[0m[2m=[0m85445582 [3mlogs[0m[2m=[0m0
[2m2025-09-28T01:04:38.165615Z[0m [32m INFO[0m [2mmonitor.block[0m[2m:[0m Processing block [3mblock[0m[2m=[0m85445583
[2m2025-09-28T01:04:38.525296Z[0m [32m INFO[0m [2mmonitor.block[0m[2m:[0m Fetched logs [3mblock[0m[2m=[0m85445583 [3mlogs[0m[2m=[0m0
[2m2025-09-28T01:04:40.265921Z[0m [32m INFO[0m [2mmonitor.block[0m[2m:[0m Processing block [3mblock[0m[2m=[0m85445584
[2m2025-09-28T01:04:40.592644Z[0m [32m INFO[0m [2mmonitor.block[0m[2m:[0m Fetched logs [3mblock[0m[2m=[0m85445584 [3mlogs[0m[2m=[0m0
[2m2025-09-28T01:04:42.166356Z[0m [32m INFO[0m [2mmonitor.block[0m[2m:[0m Processing block [3mblock[0m[2m=[0m85445585
[2m2025-09-28T01:04:42.518553Z[0m [32m INFO[0m [2mmonitor.block[0m[2m:[0m Fetched logs [3mblock[0m[2m=[0m85445585 [3mlogs[0m[2m=[0m0
[2m2025-09-28T01:04:44.175269Z[0m [32m INFO[0m [2mmonitor.block[0m[2m:[0m Processing block [3mblock[0m[2m=[0m85445586
[2m2025-09-28T01:04:44.458719Z[0m [32m INFO[0m [2mmonitor.block[0m[2m:[0m Fetched logs [3mblock[0m[2m=[0m85445586 [3mlogs[0m[2m=[0m0
[2m2025-09-28T01:04:46.160543Z[0m [32m INFO[0m [2mmonitor.block[0m[2m:[0m Processing block [3mblock[0m[2m=[0m85445587
[2m2025-09-28T01:04:46.512129Z[0m [32m INFO[0m [2mmonitor.block[0m[2m:[0m Fetched logs [3mblock[0m[2m=[0m85445587 [3mlogs[0m[2m=[0m0
[2m2025-09-28T01:04:48.164207Z[0m [32m INFO[0m [2mmonitor.block[0m[2m:[0m Processing block [3mblock[0m[2m=[0m85445588
[2m2025-09-28T01:04:48.458367Z[0m [32m INFO[0m [2mmonitor.block[0m[2m:[0m Fetched logs [3mblock[0m[2m=[0m85445588 [3mlogs[0m[2m=[0m0
[2m2025-09-28T01:04:50.162378Z[0m [32m INFO[0m [2mmonitor.block[0m[2m:[0m Processing block [3mblock[0m[2m=[0m85445589
[2m2025-09-28T01:04:50.506075Z[0m [32m INFO[0m [2mmonitor.block[0m[2m:[0m Fetched logs [3mblock[0m[2m=[0m85445589 [3mlogs[0m[2m=[0m0
[2m2025-09-28T01:04:52.246500Z[0m [32m INFO[0m [2mmonitor.block[0m[2m:[0m Processing block [3mblock[0m[2m=[0m85445590
[2m2025-09-28T01:04:52.554376Z[0m [32m INFO[0m [2mmonitor.block[0m[2m:[0m Fetched logs [3mblock[0m[2m=[0m85445590 [3mlogs[0m[2m=[0m0
[2m2025-09-28T01:04:54.171092Z[0m [32m INFO[0m [2mmonitor.block[0m[2m:[0m Processing block [3mblock[0m[2m=[0m85445591
[2m2025-09-28T01:04:54.501558Z[0m [32m INFO[0m [2mmonitor.block[0m[2m:[0m Fetched logs [3mblock[0m[2m=[0m85445591 [3mlogs[0m[2m=[0m0
[2m2025-09-28T01:04:56.166009Z[0m [32m INFO[0m [2mmonitor.block[0m[2m:[0m Processing block [3mblock[0m[2m=[0m85445592
[2m2025-09-28T01:04:56.550496Z[0m [32m INFO[0m [2mmonitor.block[0m[2m:[0m Fetched logs [3mblock[0m[2m=[0m85445592 [3mlogs[0m[2m=[0m0
[2m2025-09-28T01:04:58.186158Z[0m [32m INFO[0m [2mmonitor.block[0m[2m:[0m Processing block [3mblock[0m[2m=[0m85445593
[2m2025-09-28T01:04:58.466241Z[0m [32m INFO[0m [2mmonitor.block[0m[2m:[0m Fetched logs [3mblock[0m[2m=[0m85445593 [3mlogs[0m[2m=[0m0
[2m2025-09-28T01:05:00.162621Z[0m [32m INFO[0m [2mmonitor.block[0m[2m:[0m Processing block [3mblock[0m[2m=[0m85445594
[2m2025-09-28T01:05:00.441421Z[0m [32m INFO[0m [2mmonitor.block[0m[2m:[0m Fetched logs [3mblock[0m[2m=[0m85445594 [3mlogs[0m[2m=[0m0
[2m2025-09-28T01:05:02.179806Z[0m [32m INFO[0m [2mmonitor.block[0m[2m:[0m Processing block [3mblock[0m[2m=[0m85445595
[2m2025-09-28T01:05:02.486794Z[0m [32m INFO[0m [2mmonitor.block[0m[2m:[0m Fetched logs [3mblock[0m[2m=[0m85445595 [3mlogs[0m[2m=[0m0
[2m2025-09-28T01:05:04.227893Z[0m [32m INFO[0m [2mmonitor.block[0m[2m:[0m Processing block [3mblock[0m[2m=[0m85445596
[2m2025-09-28T01:05:04.535402Z[0m [32m INFO[0m [2mmonitor.block[0m[2m:[0m Fetched logs [3mblock[0m[2m=[0m85445596 [3mlogs[0m[2m=[0m0
[2m2025-09-28T01:05:06.164083Z[0m [32m INFO[0m [2mmonitor.block[0m[2m:[0m Processing block [3mblock[0m[2m=[0m85445597
[2m2025-09-28T01:05:06.480343Z[0m [32m INFO[0m [2mmonitor.block[0m[2m:[0m Fetched logs [3mblock[0m[2m=[0m85445597 [3mlogs[0m[2m=[0m0
[2m2025-09-28T01:05:08.221875Z[0m [32m INFO[0m [2mmonitor.block[0m[2m:[0m Processing block [3mblock[0m[2m=[0m85445598
[2m2025-09-28T01:05:08.500195Z[0m [32m INFO[0m [2mmonitor.block[0m[2m:[0m Fetched logs [3mblock[0m[2m=[0m85445598 [3mlogs[0m[2m=[0m0
[2m2025-09-28T01:05:10.166863Z[0m [32m INFO[0m [2mmonitor.block[0m[2m:[0m Processing block [3mblock[0m[2m=[0m85445599
[2m2025-09-28T01:05:10.474292Z[0m [32m INFO[0m [2mmonitor.block[0m[2m:[0m Fetched logs [3mblock[0m[2m=[0m85445599 [3mlogs[0m[2m=[0m0
[2m2025-09-28T01:05:12.224495Z[0m [32m INFO[0m [2mmonitor.block[0m[2m:[0m Processing block [3mblock[0m[2m=[0m85445600
[2m2025-09-28T01:05:12.522712Z[0m [32m INFO[0m [2mmonitor.block[0m[2m:[0m Fetched logs [3mblock[0m[2m=[0m85445600 [3mlogs[0m[2m=[0m0
[2m2025-09-28T01:05:14.160576Z[0m [32m INFO[0m [2mmonitor.block[0m[2m:[0m Processing block [3mblock[0m[2m=[0m85445601
[2m2025-09-28T01:05:14.436735Z[0m [32m INFO[0m [2mmonitor.block[0m[2m:[0m Fetched logs [3mblock[0m[2m=[0m85445601 [3mlogs[0m[2m=[0m0
[2m2025-09-28T01:05:16.163799Z[0m [32m INFO[0m [2mmonitor.block[0m[2m:[0m Processing block [3mblock[0m[2m=[0m85445602
[2m2025-09-28T01:05:16.515784Z[0m [32m INFO[0m [2mmonitor.block[0m[2m:[0m Fetched logs [3mblock[0m[2m=[0m85445602 [3mlogs[0m[2m=[0m0
[2m2025-09-28T01:05:18.256869Z[0m [32m INFO[0m [2mmonitor.block[0m[2m:[0m Processing block [3mblock[0m[2m=[0m85445603
[2m2025-09-28T01:05:18.563482Z[0m [32m INFO[0m [2mmonitor.block[0m[2m:[0m Fetched logs [3mblock[0m[2m=[0m85445603 [3mlogs[0m[2m=[0m0
[2m2025-09-28T01:05:20.202715Z[0m [32m INFO[0m [2mmonitor.block[0m[2m:[0m Processing block [3mblock[0m[2m=[0m85445604
[2m2025-09-28T01:05:20.509971Z[0m [32m INFO[0m [2mmonitor.block[0m[2m:[0m Fetched logs [3mblock[0m[2m=[0m85445604 [3mlogs[0m[2m=[0m0
[2m2025-09-28T01:05:22.250808Z[0m [32m INFO[0m [2mmonitor.block[0m[2m:[0m Processing block [3mblock[0m[2m=[0m85445605
[2m2025-09-28T01:05:22.557437Z[0m [32m INFO[0m [2mmonitor.block[0m[2m:[0m Fetched logs [3mblock[0m[2m=[0m85445605 [3mlogs[0m[2m=[0m0
[2m2025-09-28T01:05:24.198318Z[0m [32m INFO[0m [2mmonitor.block[0m[2m:[0m Processing block [3mblock[0m[2m=[0m85445606
[2m2025-09-28T01:05:24.503502Z[0m [32m INFO[0m [2mmonitor.block[0m[2m:[0m Fetched logs [3mblock[0m[2m=[0m85445606 [3mlogs[0m[2m=[0m0
[2m2025-09-28T01:05:26.162261Z[0m [32m INFO[0m [2mmonitor.block[0m[2m:[0m Processing block [3mblock[0m[2m=[0m85445607
[2m2025-09-28T01:05:26.449638Z[0m [32m INFO[0m [2mmonitor.block[0m[2m:[0m Fetched logs [3mblock[0m[2m=[0m85445607 [3mlogs[0m[2m=[0m0
[2m2025-09-28T01:05:28.189819Z[0m [32m INFO[0m [2mmonitor.block[0m[2m:[0m Processing block [3mblock[0m[2m=[0m85445608
[2m2025-09-28T01:05:28.497808Z[0m [32m INFO[0m [2mmonitor.block[0m[2m:[0m Fetched logs [3mblock[0m[2m=[0m85445608 [3mlogs[0m[2m=[0m0
[2m2025-09-28T01:05:30.238086Z[0m [32m INFO[0m [2mmonitor.block[0m[2m:[0m Processing block [3mblock[0m[2m=[0m85445609
[2m2025-09-28T01:05:30.544973Z[0m [32m INFO[0m [2mmonitor.block[0m[2m:[0m Fetched logs [3mblock[0m[2m=[0m85445609 [3mlogs[0m[2m=[0m0
[2m2025-09-28T01:05:32.164038Z[0m [32m INFO[0m [2mmonitor.block[0m[2m:[0m Processing block [3mblock[0m[2m=[0m85445610
[2m2025-09-28T01:05:32.490945Z[0m [32m INFO[0m [2mmonitor.block[0m[2m:[0m Fetched logs [3mblock[0m[2m=[0m85445610 [3mlogs[0m[2m=[0m0
[2m2025-09-28T01:05:34.232409Z[0m [32m INFO[0m [2mmonitor.block[0m[2m:[0m Processing block [3mblock[0m[2m=[0m85445611
[2m2025-09-28T01:05:34.539467Z[0m [32m INFO[0m [2mmonitor.block[0m[2m:[0m Fetched logs [3mblock[0m[2m=[0m85445611 [3mlogs[0m[2m=[0m0
[2m2025-09-28T01:05:38.636639Z[0m [32m INFO[0m [2mmonitor.block[0m[2m:[0m Processing block [3mblock[0m[2m=[0m85445612
[2m2025-09-28T01:05:39.044534Z[0m [32m INFO[0m [2mmonitor.block[0m[2m:[0m Fetched logs [3mblock[0m[2m=[0m85445612 [3mlogs[0m[2m=[0m0
[2m2025-09-28T01:05:39.044617Z[0m [32m INFO[0m [2mmonitor.block[0m[2m:[0m Processing block [3mblock[0m[2m=[0m85445613
[2m2025-09-28T01:05:39.415324Z[0m [32m INFO[0m [2mmonitor.block[0m[2m:[0m Fetched logs [3mblock[0m[2m=[0m85445613 [3mlogs[0m[2m=[0m0
[2m2025-09-28T01:05:43.449378Z[0m [32m INFO[0m [2mmonitor.block[0m[2m:[0m Processing block [3mblock[0m[2m=[0m85445614
[2m2025-09-28T01:05:43.754657Z[0m [32m INFO[0m [2mmonitor.block[0m[2m:[0m Fetched logs [3mblock[0m[2m=[0m85445614 [3mlogs[0m[2m=[0m0
[2m2025-09-28T01:05:43.754849Z[0m [32m INFO[0m [2mmonitor.block[0m[2m:[0m Processing block [3mblock[0m[2m=[0m85445615
[2m2025-09-28T01:05:44.062200Z[0m [32m INFO[0m [2mmonitor.block[0m[2m:[0m Fetched logs [3mblock[0m[2m=[0m85445615 [3mlogs[0m[2m=[0m0
[2m2025-09-28T01:05:44.266438Z[0m [32m INFO[0m [2mmonitor.block[0m[2m:[0m Processing block [3mblock[0m[2m=[0m85445616
[2m2025-09-28T01:05:44.546498Z[0m [32m INFO[0m [2mmonitor.block[0m[2m:[0m Fetched logs [3mblock[0m[2m=[0m85445616 [3mlogs[0m[2m=[0m0
[2m2025-09-28T01:05:52.358981Z[0m [32m INFO[0m [2mmonitor.block[0m[2m:[0m Processing block [3mblock[0m[2m=[0m85445617
[2m2025-09-28T01:05:52.765736Z[0m [32m INFO[0m [2mmonitor.block[0m[2m:[0m Fetched logs [3mblock[0m[2m=[0m85445617 [3mlogs[0m[2m=[0m0
[2m2025-09-28T01:05:52.765886Z[0m [32m INFO[0m [2mmonitor.block[0m[2m:[0m Processing block [3mblock[0m[2m=[0m85445618
[2m2025-09-28T01:05:53.176173Z[0m [32m INFO[0m [2mmonitor.block[0m[2m:[0m Fetched logs [3mblock[0m[2m=[0m85445618 [3mlogs[0m[2m=[0m0
[2m2025-09-28T01:05:53.176361Z[0m [32m INFO[0m [2mmonitor.block[0m[2m:[0m Processing block [3mblock[0m[2m=[0m85445619
[2m2025-09-28T01:05:53.483396Z[0m [32m INFO[0m [2mmonitor.block[0m[2m:[0m Fetched logs [3mblock[0m[2m=[0m85445619 [3mlogs[0m[2m=[0m0
[2m2025-09-28T01:05:53.483671Z[0m [32m INFO[0m [2mmonitor.block[0m[2m:[0m Processing block [3mblock[0m[2m=[0m85445620
[2m2025-09-28T01:05:53.790690Z[0m [32m INFO[0m [2mmonitor.block[0m[2m:[0m Fetched logs [3mblock[0m[2m=[0m85445620 [3mlogs[0m[2m=[0m0
[2m2025-09-28T01:06:03.213151Z[0m [32m INFO[0m [2mmonitor.block[0m[2m:[0m Processing block [3mblock[0m[2m=[0m85445621
[2m2025-09-28T01:06:03.621726Z[0m [32m INFO[0m [2mmonitor.block[0m[2m:[0m Fetched logs [3mblock[0m[2m=[0m85445621 [3mlogs[0m[2m=[0m0
[2m2025-09-28T01:06:03.621997Z[0m [32m INFO[0m [2mmonitor.block[0m[2m:[0m Processing block [3mblock[0m[2m=[0m85445622
[2m2025-09-28T01:06:04.030421Z[0m [32m INFO[0m [2mmonitor.block[0m[2m:[0m Fetched logs [3mblock[0m[2m=[0m85445622 [3mlogs[0m[2m=[0m0
[2m2025-09-28T01:06:04.030606Z[0m [32m INFO[0m [2mmonitor.block[0m[2m:[0m Processing block [3mblock[0m[2m=[0m85445623
[2m2025-09-28T01:06:04.338015Z[0m [32m INFO[0m [2mmonitor.block[0m[2m:[0m Fetched logs [3mblock[0m[2m=[0m85445623 [3mlogs[0m[2m=[0m0
[2m2025-09-28T01:06:04.338173Z[0m [32m INFO[0m [2mmonitor.block[0m[2m:[0m Processing block [3mblock[0m[2m=[0m85445624
[2m2025-09-28T01:06:04.648800Z[0m [32m INFO[0m [2mmonitor.block[0m[2m:[0m Fetched logs [3mblock[0m[2m=[0m85445624 [3mlogs[0m[2m=[0m0
[2m2025-09-28T01:06:04.649002Z[0m [32m INFO[0m [2mmonitor.block[0m[2m:[0m Processing block [3mblock[0m[2m=[0m85445625
[2m2025-09-28T01:06:04.960461Z[0m [32m INFO[0m [2mmonitor.block[0m[2m:[0m Fetched logs [3mblock[0m[2m=[0m85445625 [3mlogs[0m[2m=[0m0
[2m2025-09-28T01:06:13.957236Z[0m [32m INFO[0m [2mmonitor.block[0m[2m:[0m Processing block [3mblock[0m[2m=[0m85445626
[2m2025-09-28T01:06:14.323500Z[0m [32m INFO[0m [2mmonitor.block[0m[2m:[0m Fetched logs [3mblock[0m[2m=[0m85445626 [3mlogs[0m[2m=[0m0
[2m2025-09-28T01:06:14.323694Z[0m [32m INFO[0m [2mmonitor.block[0m[2m:[0m Processing block [3mblock[0m[2m=[0m85445627
[2m2025-09-28T01:06:14.722442Z[0m [32m INFO[0m [2mmonitor.block[0m[2m:[0m Fetched logs [3mblock[0m[2m=[0m85445627 [3mlogs[0m[2m=[0m0
[2m2025-09-28T01:06:14.722633Z[0m [32m INFO[0m [2mmonitor.block[0m[2m:[0m Processing block [3mblock[0m[2m=[0m85445628
[2m2025-09-28T01:06:15.193192Z[0m [32m INFO[0m [2mmonitor.block[0m[2m:[0m Fetched logs [3mblock[0m[2m=[0m85445628 [3mlogs[0m[2m=[0m0
[2m2025-09-28T01:06:15.193461Z[0m [32m INFO[0m [2mmonitor.block[0m[2m:[0m Processing block [3mblock[0m[2m=[0m85445629
[2m2025-09-28T01:06:15.500680Z[0m [32m INFO[0m [2mmonitor.block[0m[2m:[0m Fetched logs [3mblock[0m[2m=[0m85445629 [3mlogs[0m[2m=[0m1
[2m2025-09-28T01:06:15.501565Z[0m [32m INFO[0m [2mmonitor.pool[0m[2m:[0m Applied [3maddress[0m[2m=[0m0x95d39c45668d59141dc5bcc940e6c191f1ebb98c [3mevent[0m[2m=[0m"Swap" [3mamount0[0m[2m=[0m-1509225633439981883505 [3mamount1[0m[2m=[0m350000000000000000 [3mtick_from[0m[2m=[0m-83722 [3mtick_to[0m[2m=[0m-83721 [3msqrt_from[0m[2m=[0m1204970872341919610487733424 [3msqrt_to[0m[2m=[0m1205062007423703009679729938 [3mliq_from[0m[2m=[0m303511355852330738871716 [3mliq_to[0m[2m=[0m303511355852330738871716
[2m2025-09-28T01:06:15.501678Z[0m [32m INFO[0m [2mmonitor.block[0m[2m:[0m Processing block [3mblock[0m[2m=[0m85445630
[2m2025-09-28T01:06:15.806283Z[0m [32m INFO[0m [2mmonitor.block[0m[2m:[0m Fetched logs [3mblock[0m[2m=[0m85445630 [3mlogs[0m[2m=[0m0
[2m2025-09-28T01:06:15.806420Z[0m [32m INFO[0m [2mmonitor.block[0m[2m:[0m Processing block [3mblock[0m[2m=[0m85445631
[2m2025-09-28T01:06:16.080013Z[0m [32m INFO[0m [2mmonitor.block[0m[2m:[0m Fetched logs [3mblock[0m[2m=[0m85445631 [3mlogs[0m[2m=[0m0
[2m2025-09-28T01:06:16.188378Z[0m [32m INFO[0m [2mmonitor.block[0m[2m:[0m Processing block [3mblock[0m[2m=[0m85445632
[2m2025-09-28T01:06:16.466451Z[0m [32m INFO[0m [2mmonitor.block[0m[2m:[0m Fetched logs [3mblock[0m[2m=[0m85445632 [3mlogs[0m[2m=[0m0
[2m2025-09-28T01:06:18.162493Z[0m [32m INFO[0m [2mmonitor.block[0m[2m:[0m Processing block [3mblock[0m[2m=[0m85445633
[2m2025-09-28T01:06:18.439999Z[0m [32m INFO[0m [2mmonitor.block[0m[2m:[0m Fetched logs [3mblock[0m[2m=[0m85445633 [3mlogs[0m[2m=[0m1
[2m2025-09-28T01:06:18.440991Z[0m [32m INFO[0m [2mmonitor.pool[0m[2m:[0m Applied [3maddress[0m[2m=[0m0xbcf99c834e65e8a58090e20edc058279317865bd [3mevent[0m[2m=[0m"Swap" [3mamount0[0m[2m=[0m-1167610034 [3mamount1[0m[2m=[0m1167272619259978990513 [3mtick_from[0m[2m=[0m276320 [3mtick_to[0m[2m=[0m276320 [3msqrt_from[0m[2m=[0m79212550758830790932865866209793365 [3msqrt_to[0m[2m=[0m79212955440504529890044060631735345 [3mliq_from[0m[2m=[0m228504581975096749067 [3mliq_to[0m[2m=[0m228504581975096749067
[2m2025-09-28T01:06:20.165599Z[0m [32m INFO[0m [2mmonitor.block[0m[2m:[0m Processing block [3mblock[0m[2m=[0m85445634
[2m2025-09-28T01:06:20.519345Z[0m [32m INFO[0m [2mmonitor.block[0m[2m:[0m Fetched logs [3mblock[0m[2m=[0m85445634 [3mlogs[0m[2m=[0m0
[2m2025-09-28T01:06:22.169430Z[0m [32m INFO[0m [2mmonitor.block[0m[2m:[0m Processing block [3mblock[0m[2m=[0m85445635
[2m2025-09-28T01:06:22.463028Z[0m [32m INFO[0m [2mmonitor.block[0m[2m:[0m Fetched logs [3mblock[0m[2m=[0m85445635 [3mlogs[0m[2m=[0m0
[2m2025-09-28T01:06:24.204092Z[0m [32m INFO[0m [2mmonitor.block[0m[2m:[0m Processing block [3mblock[0m[2m=[0m85445636
[2m2025-09-28T01:06:24.510865Z[0m [32m INFO[0m [2mmonitor.block[0m[2m:[0m Fetched logs [3mblock[0m[2m=[0m85445636 [3mlogs[0m[2m=[0m1
[2m2025-09-28T01:06:24.511911Z[0m [32m INFO[0m [2mmonitor.pool[0m[2m:[0m Applied [3maddress[0m[2m=[0m0x36a7aff497eef6a9cd7d0e7bc243793fcb3e57e2 [3mevent[0m[2m=[0m"Swap" [3mamount0[0m[2m=[0m-61695211 [3mamount1[0m[2m=[0m61716579073380243707 [3mtick_from[0m[2m=[0m276326 [3mtick_to[0m[2m=[0m276326 [3msqrt_from[0m[2m=[0m79237907114290560711338337283147830 [3msqrt_to[0m[2m=[0m79237931317062083202707454681166940 [3mliq_from[0m[2m=[0m202010012902492125934 [3mliq_to[0m[2m=[0m202010012902492125934
[2m2025-09-28T01:06:26.159097Z[0m [32m INFO[0m [2mmonitor.block[0m[2m:[0m Processing block [3mblock[0m[2m=[0m85445637
[2m2025-09-28T01:06:26.448888Z[0m [32m INFO[0m [2mmonitor.block[0m[2m:[0m Fetched logs [3mblock[0m[2m=[0m85445637 [3mlogs[0m[2m=[0m0
[2m2025-09-28T01:06:28.197266Z[0m [32m INFO[0m [2mmonitor.block[0m[2m:[0m Processing block [3mblock[0m[2m=[0m85445638
[2m2025-09-28T01:06:28.504074Z[0m [32m INFO[0m [2mmonitor.block[0m[2m:[0m Fetched logs [3mblock[0m[2m=[0m85445638 [3mlogs[0m[2m=[0m0
[2m2025-09-28T01:06:30.245988Z[0m [32m INFO[0m [2mmonitor.block[0m[2m:[0m Processing block [3mblock[0m[2m=[0m85445639
[2m2025-09-28T01:06:30.552194Z[0m [32m INFO[0m [2mmonitor.block[0m[2m:[0m Fetched logs [3mblock[0m[2m=[0m85445639 [3mlogs[0m[2m=[0m0
[2m2025-09-28T01:06:32.191193Z[0m [32m INFO[0m [2mmonitor.block[0m[2m:[0m Processing block [3mblock[0m[2m=[0m85445640
[2m2025-09-28T01:06:32.498102Z[0m [32m INFO[0m [2mmonitor.block[0m[2m:[0m Fetched logs [3mblock[0m[2m=[0m85445640 [3mlogs[0m[2m=[0m0
[2m2025-09-28T01:06:34.239610Z[0m [32m INFO[0m [2mmonitor.block[0m[2m:[0m Processing block [3mblock[0m[2m=[0m85445641
[2m2025-09-28T01:06:34.546373Z[0m [32m INFO[0m [2mmonitor.block[0m[2m:[0m Fetched logs [3mblock[0m[2m=[0m85445641 [3mlogs[0m[2m=[0m1
[2m2025-09-28T01:06:34.547120Z[0m [32m INFO[0m [2mmonitor.pool[0m[2m:[0m Applied [3maddress[0m[2m=[0m0x95d39c45668d59141dc5bcc940e6c191f1ebb98c [3mevent[0m[2m=[0m"Swap" [3mamount0[0m[2m=[0m-2155640672899527806854 [3mamount1[0m[2m=[0m500000000000000000 [3mtick_from[0m[2m=[0m-83721 [3mtick_to[0m[2m=[0m-83719 [3msqrt_from[0m[2m=[0m1205062007423703009679729938 [3msqrt_to[0m[2m=[0m1205192200397679294239724958 [3mliq_from[0m[2m=[0m303511355852330738871716 [3mliq_to[0m[2m=[0m303511355852330738871716
[2m2025-09-28T01:06:36.162226Z[0m [32m INFO[0m [2mmonitor.block[0m[2m:[0m Processing block [3mblock[0m[2m=[0m85445642
[2m2025-09-28T01:06:36.492279Z[0m [32m INFO[0m [2mmonitor.block[0m[2m:[0m Fetched logs [3mblock[0m[2m=[0m85445642 [3mlogs[0m[2m=[0m0
[2m2025-09-28T01:06:38.166102Z[0m [32m INFO[0m [2mmonitor.block[0m[2m:[0m Processing block [3mblock[0m[2m=[0m85445643
[2m2025-09-28T01:06:38.441477Z[0m [32m INFO[0m [2mmonitor.block[0m[2m:[0m Fetched logs [3mblock[0m[2m=[0m85445643 [3mlogs[0m[2m=[0m0
[2m2025-09-28T01:06:40.178120Z[0m [32m INFO[0m [2mmonitor.block[0m[2m:[0m Processing block [3mblock[0m[2m=[0m85445644
[2m2025-09-28T01:06:40.485754Z[0m [32m INFO[0m [2mmonitor.block[0m[2m:[0m Fetched logs [3mblock[0m[2m=[0m85445644 [3mlogs[0m[2m=[0m0
[2m2025-09-28T01:06:42.176230Z[0m [32m INFO[0m [2mmonitor.block[0m[2m:[0m Processing block [3mblock[0m[2m=[0m85445645
[2m2025-09-28T01:06:42.455631Z[0m [32m INFO[0m [2mmonitor.block[0m[2m:[0m Fetched logs [3mblock[0m[2m=[0m85445645 [3mlogs[0m[2m=[0m0
[2m2025-09-28T01:06:44.165937Z[0m [32m INFO[0m [2mmonitor.block[0m[2m:[0m Processing block [3mblock[0m[2m=[0m85445646
[2m2025-09-28T01:06:44.446769Z[0m [32m INFO[0m [2mmonitor.block[0m[2m:[0m Fetched logs [3mblock[0m[2m=[0m85445646 [3mlogs[0m[2m=[0m0
[2m2025-09-28T01:06:46.201926Z[0m [32m INFO[0m [2mmonitor.block[0m[2m:[0m Processing block [3mblock[0m[2m=[0m85445647
[2m2025-09-28T01:06:46.526615Z[0m [32m INFO[0m [2mmonitor.block[0m[2m:[0m Fetched logs [3mblock[0m[2m=[0m85445647 [3mlogs[0m[2m=[0m0
[2m2025-09-28T01:06:48.268113Z[0m [32m INFO[0m [2mmonitor.block[0m[2m:[0m Processing block [3mblock[0m[2m=[0m85445648
[2m2025-09-28T01:06:48.544588Z[0m [32m INFO[0m [2mmonitor.block[0m[2m:[0m Fetched logs [3mblock[0m[2m=[0m85445648 [3mlogs[0m[2m=[0m0
[2m2025-09-28T01:06:50.216496Z[0m [32m INFO[0m [2mmonitor.block[0m[2m:[0m Processing block [3mblock[0m[2m=[0m85445649
[2m2025-09-28T01:06:50.498999Z[0m [32m INFO[0m [2mmonitor.block[0m[2m:[0m Fetched logs [3mblock[0m[2m=[0m85445649 [3mlogs[0m[2m=[0m2
[2m2025-09-28T01:06:50.499724Z[0m [32m INFO[0m [2mmonitor.pool[0m[2m:[0m Applied [3maddress[0m[2m=[0m0x36a7aff497eef6a9cd7d0e7bc243793fcb3e57e2 [3mevent[0m[2m=[0m"Swap" [3mamount0[0m[2m=[0m220087990 [3mamount1[0m[2m=[0m-220120012627627067036 [3mtick_from[0m[2m=[0m276326 [3mtick_to[0m[2m=[0m276326 [3msqrt_from[0m[2m=[0m79237931317062083202707454681166940 [3msqrt_to[0m[2m=[0m79237844986172428136466038733964303 [3mliq_from[0m[2m=[0m202010012902492125934 [3mliq_to[0m[2m=[0m202010012902492125934
[2m2025-09-28T01:06:50.500177Z[0m [32m INFO[0m [2mmonitor.pool[0m[2m:[0m Applied [3maddress[0m[2m=[0m0xbcf99c834e65e8a58090e20edc058279317865bd [3mevent[0m[2m=[0m"Swap" [3mamount0[0m[2m=[0m-220182304 [3mamount1[0m[2m=[0m220120012627627067036 [3mtick_from[0m[2m=[0m276320 [3mtick_to[0m[2m=[0m276320 [3msqrt_from[0m[2m=[0m79212955440504529890044060631735345 [3msqrt_to[0m[2m=[0m79213031753898388183426855808747996 [3mliq_from[0m[2m=[0m228504581975096749067 [3mliq_to[0m[2m=[0m228504581975096749067
[2m2025-09-28T01:06:52.167734Z[0m [32m INFO[0m [2mmonitor.block[0m[2m:[0m Processing block [3mblock[0m[2m=[0m85445650
[2m2025-09-28T01:06:52.465939Z[0m [32m INFO[0m [2mmonitor.block[0m[2m:[0m Fetched logs [3mblock[0m[2m=[0m85445650 [3mlogs[0m[2m=[0m0
[2m2025-09-28T01:06:54.161488Z[0m [32m INFO[0m [2mmonitor.block[0m[2m:[0m Processing block [3mblock[0m[2m=[0m85445651
[2m2025-09-28T01:06:54.515077Z[0m [32m INFO[0m [2mmonitor.block[0m[2m:[0m Fetched logs [3mblock[0m[2m=[0m85445651 [3mlogs[0m[2m=[0m0
[2m2025-09-28T01:06:56.164651Z[0m [32m INFO[0m [2mmonitor.block[0m[2m:[0m Processing block [3mblock[0m[2m=[0m85445652
[2m2025-09-28T01:06:56.447787Z[0m [32m INFO[0m [2mmonitor.block[0m[2m:[0m Fetched logs [3mblock[0m[2m=[0m85445652 [3mlogs[0m[2m=[0m0
[2m2025-09-28T01:06:58.201371Z[0m [32m INFO[0m [2mmonitor.block[0m[2m:[0m Processing block [3mblock[0m[2m=[0m85445653
[2m2025-09-28T01:06:58.487984Z[0m [32m INFO[0m [2mmonitor.block[0m[2m:[0m Fetched logs [3mblock[0m[2m=[0m85445653 [3mlogs[0m[2m=[0m0
[2m2025-09-28T01:07:00.161999Z[0m [32m INFO[0m [2mmonitor.block[0m[2m:[0m Processing block [3mblock[0m[2m=[0m85445654
[2m2025-09-28T01:07:00.442167Z[0m [32m INFO[0m [2mmonitor.block[0m[2m:[0m Fetched logs [3mblock[0m[2m=[0m85445654 [3mlogs[0m[2m=[0m0
[2m2025-09-28T01:07:02.183448Z[0m [32m INFO[0m [2mmonitor.block[0m[2m:[0m Processing block [3mblock[0m[2m=[0m85445655
[2m2025-09-28T01:07:02.504331Z[0m [32m INFO[0m [2mmonitor.block[0m[2m:[0m Fetched logs [3mblock[0m[2m=[0m85445655 [3mlogs[0m[2m=[0m0
[2m2025-09-28T01:07:04.163267Z[0m [32m INFO[0m [2mmonitor.block[0m[2m:[0m Processing block [3mblock[0m[2m=[0m85445656
[2m2025-09-28T01:07:04.438776Z[0m [32m INFO[0m [2mmonitor.block[0m[2m:[0m Fetched logs [3mblock[0m[2m=[0m85445656 [3mlogs[0m[2m=[0m0
[2m2025-09-28T01:07:06.166840Z[0m [32m INFO[0m [2mmonitor.block[0m[2m:[0m Processing block [3mblock[0m[2m=[0m85445657
[2m2025-09-28T01:07:06.495912Z[0m [32m INFO[0m [2mmonitor.block[0m[2m:[0m Fetched logs [3mblock[0m[2m=[0m85445657 [3mlogs[0m[2m=[0m0
[2m2025-09-28T01:07:08.237083Z[0m [32m INFO[0m [2mmonitor.block[0m[2m:[0m Processing block [3mblock[0m[2m=[0m85445658
[2m2025-09-28T01:07:08.543349Z[0m [32m INFO[0m [2mmonitor.block[0m[2m:[0m Fetched logs [3mblock[0m[2m=[0m85445658 [3mlogs[0m[2m=[0m0
[2m2025-09-28T01:07:10.182379Z[0m [32m INFO[0m [2mmonitor.block[0m[2m:[0m Processing block [3mblock[0m[2m=[0m85445659
[2m2025-09-28T01:07:10.489741Z[0m [32m INFO[0m [2mmonitor.block[0m[2m:[0m Fetched logs [3mblock[0m[2m=[0m85445659 [3mlogs[0m[2m=[0m0
[2m2025-09-28T01:07:12.161540Z[0m [32m INFO[0m [2mmonitor.block[0m[2m:[0m Processing block [3mblock[0m[2m=[0m85445660
[2m2025-09-28T01:07:12.436460Z[0m [32m INFO[0m [2mmonitor.block[0m[2m:[0m Fetched logs [3mblock[0m[2m=[0m85445660 [3mlogs[0m[2m=[0m0
[2m2025-09-28T01:07:14.163801Z[0m [32m INFO[0m [2mmonitor.block[0m[2m:[0m Processing block [3mblock[0m[2m=[0m85445661
[2m2025-09-28T01:07:14.447637Z[0m [32m INFO[0m [2mmonitor.block[0m[2m:[0m Fetched logs [3mblock[0m[2m=[0m85445661 [3mlogs[0m[2m=[0m0
[2m2025-09-28T01:07:16.171051Z[0m [32m INFO[0m [2mmonitor.block[0m[2m:[0m Processing block [3mblock[0m[2m=[0m85445662
[2m2025-09-28T01:07:17.312834Z[0m [32m INFO[0m [2mmonitor.block[0m[2m:[0m Fetched logs [3mblock[0m[2m=[0m85445662 [3mlogs[0m[2m=[0m0
[2m2025-09-28T01:07:18.170168Z[0m [32m INFO[0m [2mmonitor.block[0m[2m:[0m Processing block [3mblock[0m[2m=[0m85445663
[2m2025-09-28T01:07:18.476748Z[0m [32m INFO[0m [2mmonitor.block[0m[2m:[0m Fetched logs [3mblock[0m[2m=[0m85445663 [3mlogs[0m[2m=[0m0
[2m2025-09-28T01:07:20.165689Z[0m [32m INFO[0m [2mmonitor.block[0m[2m:[0m Processing block [3mblock[0m[2m=[0m85445664
[2m2025-09-28T01:07:20.525548Z[0m [32m INFO[0m [2mmonitor.block[0m[2m:[0m Fetched logs [3mblock[0m[2m=[0m85445664 [3mlogs[0m[2m=[0m0
[2m2025-09-28T01:07:22.179523Z[0m [32m INFO[0m [2mmonitor.block[0m[2m:[0m Processing block [3mblock[0m[2m=[0m85445665
[2m2025-09-28T01:07:22.456352Z[0m [32m INFO[0m [2mmonitor.block[0m[2m:[0m Fetched logs [3mblock[0m[2m=[0m85445665 [3mlogs[0m[2m=[0m0
[2m2025-09-28T01:07:24.212001Z[0m [32m INFO[0m [2mmonitor.block[0m[2m:[0m Processing block [3mblock[0m[2m=[0m85445666
[2m2025-09-28T01:07:24.518833Z[0m [32m INFO[0m [2mmonitor.block[0m[2m:[0m Fetched logs [3mblock[0m[2m=[0m85445666 [3mlogs[0m[2m=[0m0
[2m2025-09-28T01:07:26.169719Z[0m [32m INFO[0m [2mmonitor.block[0m[2m:[0m Processing block [3mblock[0m[2m=[0m85445667
[2m2025-09-28T01:07:26.451765Z[0m [32m INFO[0m [2mmonitor.block[0m[2m:[0m Fetched logs [3mblock[0m[2m=[0m85445667 [3mlogs[0m[2m=[0m0
[2m2025-09-28T01:07:28.206036Z[0m [32m INFO[0m [2mmonitor.block[0m[2m:[0m Processing block [3mblock[0m[2m=[0m85445668
[2m2025-09-28T01:07:28.484836Z[0m [32m INFO[0m [2mmonitor.block[0m[2m:[0m Fetched logs [3mblock[0m[2m=[0m85445668 [3mlogs[0m[2m=[0m1
[2m2025-09-28T01:07:28.485602Z[0m [32m INFO[0m [2mmonitor.pool[0m[2m:[0m Applied [3maddress[0m[2m=[0m0x95d39c45668d59141dc5bcc940e6c191f1ebb98c [3mevent[0m[2m=[0m"Swap" [3mamount0[0m[2m=[0m-862125869377676603424 [3mamount1[0m[2m=[0m200000000000000000 [3mtick_from[0m[2m=[0m-83719 [3mtick_to[0m[2m=[0m-83718 [3msqrt_from[0m[2m=[0m1205192200397679294239724958 [3msqrt_to[0m[2m=[0m1205244277587269808063722966 [3mliq_from[0m[2m=[0m303511355852330738871716 [3mliq_to[0m[2m=[0m303511355852330738871716
[2m2025-09-28T01:07:30.161962Z[0m [32m INFO[0m [2mmonitor.block[0m[2m:[0m Processing block [3mblock[0m[2m=[0m85445669
[2m2025-09-28T01:07:30.440432Z[0m [32m INFO[0m [2mmonitor.block[0m[2m:[0m Fetched logs [3mblock[0m[2m=[0m85445669 [3mlogs[0m[2m=[0m0
[2m2025-09-28T01:07:32.162387Z[0m [32m INFO[0m [2mmonitor.block[0m[2m:[0m Processing block [3mblock[0m[2m=[0m85445670
[2m2025-09-28T01:07:32.437120Z[0m [32m INFO[0m [2mmonitor.block[0m[2m:[0m Fetched logs [3mblock[0m[2m=[0m85445670 [3mlogs[0m[2m=[0m0
[2m2025-09-28T01:07:34.161815Z[0m [32m INFO[0m [2mmonitor.block[0m[2m:[0m Processing block [3mblock[0m[2m=[0m85445671
[2m2025-09-28T01:07:34.553285Z[0m [32m INFO[0m [2mmonitor.block[0m[2m:[0m Fetched logs [3mblock[0m[2m=[0m85445671 [3mlogs[0m[2m=[0m0
[2m2025-09-28T01:07:36.163812Z[0m [32m INFO[0m [2mmonitor.block[0m[2m:[0m Processing block [3mblock[0m[2m=[0m85445672
[2m2025-09-28T01:07:36.499920Z[0m [32m INFO[0m [2mmonitor.block[0m[2m:[0m Fetched logs [3mblock[0m[2m=[0m85445672 [3mlogs[0m[2m=[0m0
[2m2025-09-28T01:07:38.161400Z[0m [32m INFO[0m [2mmonitor.block[0m[2m:[0m Processing block [3mblock[0m[2m=[0m85445673
[2m2025-09-28T01:07:38.444900Z[0m [32m INFO[0m [2mmonitor.block[0m[2m:[0m Fetched logs [3mblock[0m[2m=[0m85445673 [3mlogs[0m[2m=[0m0
[2m2025-09-28T01:07:40.186191Z[0m [32m INFO[0m [2mmonitor.block[0m[2m:[0m Processing block [3mblock[0m[2m=[0m85445674
[2m2025-09-28T01:07:40.461134Z[0m [32m INFO[0m [2mmonitor.block[0m[2m:[0m Fetched logs [3mblock[0m[2m=[0m85445674 [3mlogs[0m[2m=[0m0
[2m2025-09-28T01:07:42.195845Z[0m [32m INFO[0m [2mmonitor.block[0m[2m:[0m Processing block [3mblock[0m[2m=[0m85445675
[2m2025-09-28T01:07:42.473483Z[0m [32m INFO[0m [2mmonitor.block[0m[2m:[0m Fetched logs [3mblock[0m[2m=[0m85445675 [3mlogs[0m[2m=[0m0
[2m2025-09-28T01:07:44.161703Z[0m [32m INFO[0m [2mmonitor.block[0m[2m:[0m Processing block [3mblock[0m[2m=[0m85445676
[2m2025-09-28T01:07:44.445782Z[0m [32m INFO[0m [2mmonitor.block[0m[2m:[0m Fetched logs [3mblock[0m[2m=[0m85445676 [3mlogs[0m[2m=[0m1
[2m2025-09-28T01:07:44.446540Z[0m [32m INFO[0m [2mmonitor.pool[0m[2m:[0m Applied [3maddress[0m[2m=[0m0x9d5d4064a808ba865957b1d04b20a84175dcc16d [3mevent[0m[2m=[0m"Swap" [3mamount0[0m[2m=[0m2997767149685738528 [3mamount1[0m[2m=[0m-1278314949419020 [3mtick_from[0m[2m=[0m-77457 [3mtick_to[0m[2m=[0m-77553 [3msqrt_from[0m[2m=[0m1648241458498763410764064433 [3msqrt_to[0m[2m=[0m1640374882564690381860208805 [3mliq_from[0m[2m=[0m12874539749665309744 [3mliq_to[0m[2m=[0m12874539749665309744
[2m2025-09-28T01:07:46.165109Z[0m [32m INFO[0m [2mmonitor.block[0m[2m:[0m Processing block [3mblock[0m[2m=[0m85445677
[2m2025-09-28T01:07:46.499843Z[0m [32m INFO[0m [2mmonitor.block[0m[2m:[0m Fetched logs [3mblock[0m[2m=[0m85445677 [3mlogs[0m[2m=[0m0
[2m2025-09-28T01:07:48.172896Z[0m [32m INFO[0m [2mmonitor.block[0m[2m:[0m Processing block [3mblock[0m[2m=[0m85445678
[2m2025-09-28T01:07:48.480976Z[0m [32m INFO[0m [2mmonitor.block[0m[2m:[0m Fetched logs [3mblock[0m[2m=[0m85445678 [3mlogs[0m[2m=[0m0
[2m2025-09-28T01:07:50.177700Z[0m [32m INFO[0m [2mmonitor.block[0m[2m:[0m Processing block [3mblock[0m[2m=[0m85445679
[2m2025-09-28T01:07:50.459209Z[0m [32m INFO[0m [2mmonitor.block[0m[2m:[0m Fetched logs [3mblock[0m[2m=[0m85445679 [3mlogs[0m[2m=[0m0
[2m2025-09-28T01:07:52.270957Z[0m [32m INFO[0m [2mmonitor.block[0m[2m:[0m Processing block [3mblock[0m[2m=[0m85445680
[2m2025-09-28T01:07:52.554303Z[0m [32m INFO[0m [2mmonitor.block[0m[2m:[0m Fetched logs [3mblock[0m[2m=[0m85445680 [3mlogs[0m[2m=[0m0
[2m2025-09-28T01:07:54.172845Z[0m [32m INFO[0m [2mmonitor.block[0m[2m:[0m Processing block [3mblock[0m[2m=[0m85445681
[2m2025-09-28T01:07:54.522410Z[0m [32m INFO[0m [2mmonitor.block[0m[2m:[0m Fetched logs [3mblock[0m[2m=[0m85445681 [3mlogs[0m[2m=[0m0
[2m2025-09-28T01:07:56.163151Z[0m [32m INFO[0m [2mmonitor.block[0m[2m:[0m Processing block [3mblock[0m[2m=[0m85445682
[2m2025-09-28T01:07:56.446995Z[0m [32m INFO[0m [2mmonitor.block[0m[2m:[0m Fetched logs [3mblock[0m[2m=[0m85445682 [3mlogs[0m[2m=[0m0
[2m2025-09-28T01:07:58.169356Z[0m [32m INFO[0m [2mmonitor.block[0m[2m:[0m Processing block [3mblock[0m[2m=[0m85445683
[2m2025-09-28T01:07:58.516230Z[0m [32m INFO[0m [2mmonitor.block[0m[2m:[0m Fetched logs [3mblock[0m[2m=[0m85445683 [3mlogs[0m[2m=[0m0
[2m2025-09-28T01:08:00.256999Z[0m [32m INFO[0m [2mmonitor.block[0m[2m:[0m Processing block [3mblock[0m[2m=[0m85445684
[2m2025-09-28T01:08:00.564259Z[0m [32m INFO[0m [2mmonitor.block[0m[2m:[0m Fetched logs [3mblock[0m[2m=[0m85445684 [3mlogs[0m[2m=[0m0
[2m2025-09-28T01:08:02.161522Z[0m [32m INFO[0m [2mmonitor.block[0m[2m:[0m Processing block [3mblock[0m[2m=[0m85445685
[2m2025-09-28T01:08:02.440426Z[0m [32m INFO[0m [2mmonitor.block[0m[2m:[0m Fetched logs [3mblock[0m[2m=[0m85445685 [3mlogs[0m[2m=[0m0
[2m2025-09-28T01:08:04.250852Z[0m [32m INFO[0m [2mmonitor.block[0m[2m:[0m Processing block [3mblock[0m[2m=[0m85445686
[2m2025-09-28T01:08:04.558120Z[0m [32m INFO[0m [2mmonitor.block[0m[2m:[0m Fetched logs [3mblock[0m[2m=[0m85445686 [3mlogs[0m[2m=[0m0
[2m2025-09-28T01:08:06.165717Z[0m [32m INFO[0m [2mmonitor.block[0m[2m:[0m Processing block [3mblock[0m[2m=[0m85445687
[2m2025-09-28T01:08:06.447433Z[0m [32m INFO[0m [2mmonitor.block[0m[2m:[0m Fetched logs [3mblock[0m[2m=[0m85445687 [3mlogs[0m[2m=[0m0
[2m2025-09-28T01:08:08.244846Z[0m [32m INFO[0m [2mmonitor.block[0m[2m:[0m Processing block [3mblock[0m[2m=[0m85445688
[2m2025-09-28T01:08:08.551672Z[0m [32m INFO[0m [2mmonitor.block[0m[2m:[0m Fetched logs [3mblock[0m[2m=[0m85445688 [3mlogs[0m[2m=[0m0
[2m2025-09-28T01:08:10.172183Z[0m [32m INFO[0m [2mmonitor.block[0m[2m:[0m Processing block [3mblock[0m[2m=[0m85445689
[2m2025-09-28T01:08:10.496743Z[0m [32m INFO[0m [2mmonitor.block[0m[2m:[0m Fetched logs [3mblock[0m[2m=[0m85445689 [3mlogs[0m[2m=[0m0
[2m2025-09-28T01:08:12.162523Z[0m [32m INFO[0m [2mmonitor.block[0m[2m:[0m Processing block [3mblock[0m[2m=[0m85445690
[2m2025-09-28T01:08:12.545529Z[0m [32m INFO[0m [2mmonitor.block[0m[2m:[0m Fetched logs [3mblock[0m[2m=[0m85445690 [3mlogs[0m[2m=[0m0
[2m2025-09-28T01:08:14.168340Z[0m [32m INFO[0m [2mmonitor.block[0m[2m:[0m Processing block [3mblock[0m[2m=[0m85445691
[2m2025-09-28T01:08:14.444429Z[0m [32m INFO[0m [2mmonitor.block[0m[2m:[0m Fetched logs [3mblock[0m[2m=[0m85445691 [3mlogs[0m[2m=[0m0
[2m2025-09-28T01:08:16.160891Z[0m [32m INFO[0m [2mmonitor.block[0m[2m:[0m Processing block [3mblock[0m[2m=[0m85445692
[2m2025-09-28T01:08:16.445418Z[0m [32m INFO[0m [2mmonitor.block[0m[2m:[0m Fetched logs [3mblock[0m[2m=[0m85445692 [3mlogs[0m[2m=[0m0
[2m2025-09-28T01:08:18.166368Z[0m [32m INFO[0m [2mmonitor.block[0m[2m:[0m Processing block [3mblock[0m[2m=[0m85445693
[2m2025-09-28T01:08:18.452819Z[0m [32m INFO[0m [2mmonitor.block[0m[2m:[0m Fetched logs [3mblock[0m[2m=[0m85445693 [3mlogs[0m[2m=[0m0
[2m2025-09-28T01:08:20.225518Z[0m [32m INFO[0m [2mmonitor.block[0m[2m:[0m Processing block [3mblock[0m[2m=[0m85445694
[2m2025-09-28T01:08:20.500407Z[0m [32m INFO[0m [2mmonitor.block[0m[2m:[0m Fetched logs [3mblock[0m[2m=[0m85445694 [3mlogs[0m[2m=[0m0
[2m2025-09-28T01:08:22.170236Z[0m [32m INFO[0m [2mmonitor.block[0m[2m:[0m Processing block [3mblock[0m[2m=[0m85445695
[2m2025-09-28T01:08:22.477952Z[0m [32m INFO[0m [2mmonitor.block[0m[2m:[0m Fetched logs [3mblock[0m[2m=[0m85445695 [3mlogs[0m[2m=[0m0
[2m2025-09-28T01:08:24.219553Z[0m [32m INFO[0m [2mmonitor.block[0m[2m:[0m Processing block [3mblock[0m[2m=[0m85445696
[2m2025-09-28T01:08:24.526402Z[0m [32m INFO[0m [2mmonitor.block[0m[2m:[0m Fetched logs [3mblock[0m[2m=[0m85445696 [3mlogs[0m[2m=[0m0
[2m2025-09-28T01:08:26.166910Z[0m [32m INFO[0m [2mmonitor.block[0m[2m:[0m Processing block [3mblock[0m[2m=[0m85445697
[2m2025-09-28T01:08:26.474044Z[0m [32m INFO[0m [2mmonitor.block[0m[2m:[0m Fetched logs [3mblock[0m[2m=[0m85445697 [3mlogs[0m[2m=[0m0
[2m2025-09-28T01:08:28.162651Z[0m [32m INFO[0m [2mmonitor.block[0m[2m:[0m Processing block [3mblock[0m[2m=[0m85445698
[2m2025-09-28T01:08:28.443844Z[0m [32m INFO[0m [2mmonitor.block[0m[2m:[0m Fetched logs [3mblock[0m[2m=[0m85445698 [3mlogs[0m[2m=[0m0
[2m2025-09-28T01:08:30.162792Z[0m [32m INFO[0m [2mmonitor.block[0m[2m:[0m Processing block [3mblock[0m[2m=[0m85445699
[2m2025-09-28T01:08:30.465181Z[0m [32m INFO[0m [2mmonitor.block[0m[2m:[0m Fetched logs [3mblock[0m[2m=[0m85445699 [3mlogs[0m[2m=[0m0
[2m2025-09-28T01:08:32.162608Z[0m [32m INFO[0m [2mmonitor.block[0m[2m:[0m Processing block [3mblock[0m[2m=[0m85445700
[2m2025-09-28T01:08:32.512887Z[0m [32m INFO[0m [2mmonitor.block[0m[2m:[0m Fetched logs [3mblock[0m[2m=[0m85445700 [3mlogs[0m[2m=[0m0
[2m2025-09-28T01:08:34.254603Z[0m [32m INFO[0m [2mmonitor.block[0m[2m:[0m Processing block [3mblock[0m[2m=[0m85445701
[2m2025-09-28T01:08:34.561951Z[0m [32m INFO[0m [2mmonitor.block[0m[2m:[0m Fetched logs [3mblock[0m[2m=[0m85445701 [3mlogs[0m[2m=[0m0
[2m2025-09-28T01:08:36.162420Z[0m [32m INFO[0m [2mmonitor.block[0m[2m:[0m Processing block [3mblock[0m[2m=[0m85445702
[2m2025-09-28T01:08:36.508608Z[0m [32m INFO[0m [2mmonitor.block[0m[2m:[0m Fetched logs [3mblock[0m[2m=[0m85445702 [3mlogs[0m[2m=[0m0
[2m2025-09-28T01:08:38.161338Z[0m [32m INFO[0m [2mmonitor.block[0m[2m:[0m Processing block [3mblock[0m[2m=[0m85445703
[2m2025-09-28T01:08:38.440091Z[0m [32m INFO[0m [2mmonitor.block[0m[2m:[0m Fetched logs [3mblock[0m[2m=[0m85445703 [3mlogs[0m[2m=[0m0
[2m2025-09-28T01:08:40.193383Z[0m [32m INFO[0m [2mmonitor.block[0m[2m:[0m Processing block [3mblock[0m[2m=[0m85445704
[2m2025-09-28T01:08:40.501100Z[0m [32m INFO[0m [2mmonitor.block[0m[2m:[0m Fetched logs [3mblock[0m[2m=[0m85445704 [3mlogs[0m[2m=[0m0
[2m2025-09-28T01:08:42.166573Z[0m [32m INFO[0m [2mmonitor.block[0m[2m:[0m Processing block [3mblock[0m[2m=[0m85445705
[2m2025-09-28T01:08:42.548562Z[0m [32m INFO[0m [2mmonitor.block[0m[2m:[0m Fetched logs [3mblock[0m[2m=[0m85445705 [3mlogs[0m[2m=[0m0
[2m2025-09-28T01:08:44.187739Z[0m [32m INFO[0m [2mmonitor.block[0m[2m:[0m Processing block [3mblock[0m[2m=[0m85445706
[2m2025-09-28T01:08:44.468392Z[0m [32m INFO[0m [2mmonitor.block[0m[2m:[0m Fetched logs [3mblock[0m[2m=[0m85445706 [3mlogs[0m[2m=[0m0
[2m2025-09-28T01:08:46.164719Z[0m [32m INFO[0m [2mmonitor.block[0m[2m:[0m Processing block [3mblock[0m[2m=[0m85445707
[2m2025-09-28T01:08:46.541954Z[0m [32m INFO[0m [2mmonitor.block[0m[2m:[0m Fetched logs [3mblock[0m[2m=[0m85445707 [3mlogs[0m[2m=[0m0
[2m2025-09-28T01:08:48.181125Z[0m [32m INFO[0m [2mmonitor.block[0m[2m:[0m Processing block [3mblock[0m[2m=[0m85445708
[2m2025-09-28T01:08:48.488661Z[0m [32m INFO[0m [2mmonitor.block[0m[2m:[0m Fetched logs [3mblock[0m[2m=[0m85445708 [3mlogs[0m[2m=[0m0
[2m2025-09-28T01:08:50.228526Z[0m [32m INFO[0m [2mmonitor.block[0m[2m:[0m Processing block [3mblock[0m[2m=[0m85445709
[2m2025-09-28T01:08:50.505863Z[0m [32m INFO[0m [2mmonitor.block[0m[2m:[0m Fetched logs [3mblock[0m[2m=[0m85445709 [3mlogs[0m[2m=[0m0
[2m2025-09-28T01:08:52.276847Z[0m [32m INFO[0m [2mmonitor.block[0m[2m:[0m Processing block [3mblock[0m[2m=[0m85445710
[2m2025-09-28T01:08:52.555586Z[0m [32m INFO[0m [2mmonitor.block[0m[2m:[0m Fetched logs [3mblock[0m[2m=[0m85445710 [3mlogs[0m[2m=[0m2
[2m2025-09-28T01:08:52.556297Z[0m [32m INFO[0m [2mmonitor.pool[0m[2m:[0m Applied [3maddress[0m[2m=[0m0x36a7aff497eef6a9cd7d0e7bc243793fcb3e57e2 [3mevent[0m[2m=[0m"Swap" [3mamount0[0m[2m=[0m220050241 [3mamount1[0m[2m=[0m-220081777836001134511 [3mtick_from[0m[2m=[0m276326 [3mtick_to[0m[2m=[0m276326 [3msqrt_from[0m[2m=[0m79237844986172428136466038733964303 [3msqrt_to[0m[2m=[0m79237758670278427201985951044924943 [3mliq_from[0m[2m=[0m202010012902492125934 [3mliq_to[0m[2m=[0m202010012902492125934
[2m2025-09-28T01:08:52.556714Z[0m [32m INFO[0m [2mmonitor.pool[0m[2m:[0m Applied [3maddress[0m[2m=[0m0xbcf99c834e65e8a58090e20edc058279317865bd [3mevent[0m[2m=[0m"Swap" [3mamount0[0m[2m=[0m-220143634 [3mamount1[0m[2m=[0m220081777836001134510 [3mtick_from[0m[2m=[0m276320 [3mtick_to[0m[2m=[0m276320 [3msqrt_from[0m[2m=[0m79213031753898388183426855808747996 [3msqrt_to[0m[2m=[0m79213108054036628881622612201319567 [3mliq_from[0m[2m=[0m228504581975096749067 [3mliq_to[0m[2m=[0m228504581975096749067
[2m2025-09-28T01:08:54.165793Z[0m [32m INFO[0m [2mmonitor.block[0m[2m:[0m Processing block [3mblock[0m[2m=[0m85445711
[2m2025-09-28T01:08:54.440400Z[0m [32m INFO[0m [2mmonitor.block[0m[2m:[0m Fetched logs [3mblock[0m[2m=[0m85445711 [3mlogs[0m[2m=[0m0
[2m2025-09-28T01:08:56.171502Z[0m [32m INFO[0m [2mmonitor.block[0m[2m:[0m Processing block [3mblock[0m[2m=[0m85445712
[2m2025-09-28T01:08:56.475980Z[0m [32m INFO[0m [2mmonitor.block[0m[2m:[0m Fetched logs [3mblock[0m[2m=[0m85445712 [3mlogs[0m[2m=[0m0
[2m2025-09-28T01:08:58.218710Z[0m [32m INFO[0m [2mmonitor.block[0m[2m:[0m Processing block [3mblock[0m[2m=[0m85445713
[2m2025-09-28T01:08:58.523889Z[0m [32m INFO[0m [2mmonitor.block[0m[2m:[0m Fetched logs [3mblock[0m[2m=[0m85445713 [3mlogs[0m[2m=[0m0
[2m2025-09-28T01:09:00.266798Z[0m [32m INFO[0m [2mmonitor.block[0m[2m:[0m Processing block [3mblock[0m[2m=[0m85445714
[2m2025-09-28T01:09:00.571986Z[0m [32m INFO[0m [2mmonitor.block[0m[2m:[0m Fetched logs [3mblock[0m[2m=[0m85445714 [3mlogs[0m[2m=[0m1
[2m2025-09-28T01:09:00.572603Z[0m [32m INFO[0m [2mmonitor.pool[0m[2m:[0m Applied [3maddress[0m[2m=[0m0x36a7aff497eef6a9cd7d0e7bc243793fcb3e57e2 [3mevent[0m[2m=[0m"Swap" [3mamount0[0m[2m=[0m-61684271 [3mamount1[0m[2m=[0m61705404333638591683 [3mtick_from[0m[2m=[0m276326 [3mtick_to[0m[2m=[0m276326 [3msqrt_from[0m[2m=[0m79237758670278427201985951044924943 [3msqrt_to[0m[2m=[0m79237782868667664141381505734465469 [3mliq_from[0m[2m=[0m202010012902492125934 [3mliq_to[0m[2m=[0m202010012902492125934
[2m2025-09-28T01:09:02.177937Z[0m [32m INFO[0m [2mmonitor.block[0m[2m:[0m Processing block [3mblock[0m[2m=[0m85445715
[2m2025-09-28T01:09:02.517682Z[0m [32m INFO[0m [2mmonitor.block[0m[2m:[0m Fetched logs [3mblock[0m[2m=[0m85445715 [3mlogs[0m[2m=[0m1
[2m2025-09-28T01:09:02.518395Z[0m [32m INFO[0m [2mmonitor.pool[0m[2m:[0m Applied [3maddress[0m[2m=[0m0x95d39c45668d59141dc5bcc940e6c191f1ebb98c [3mevent[0m[2m=[0m"Swap" [3mamount0[0m[2m=[0m-4028567381627315127182 [3mamount1[0m[2m=[0m934795076780736735 [3mtick_from[0m[2m=[0m-83718 [3mtick_to[0m[2m=[0m-83714 [3msqrt_from[0m[2m=[0m1205244277587269808063722966 [3msqrt_to[0m[2m=[0m1205487685089478754833441258 [3mliq_from[0m[2m=[0m303511355852330738871716 [3mliq_to[0m[2m=[0m303511355852330738871716
[2m2025-09-28T01:09:04.166785Z[0m [32m INFO[0m [2mmonitor.block[0m[2m:[0m Processing block [3mblock[0m[2m=[0m85445716
[2m2025-09-28T01:09:04.462987Z[0m [32m INFO[0m [2mmonitor.block[0m[2m:[0m Fetched logs [3mblock[0m[2m=[0m85445716 [3mlogs[0m[2m=[0m1
[2m2025-09-28T01:09:04.463706Z[0m [32m INFO[0m [2mmonitor.pool[0m[2m:[0m Applied [3maddress[0m[2m=[0m0x36a7aff497eef6a9cd7d0e7bc243793fcb3e57e2 [3mevent[0m[2m=[0m"Swap" [3mamount0[0m[2m=[0m-61678649 [3mamount1[0m[2m=[0m61699818101872973254 [3mtick_from[0m[2m=[0m276326 [3mtick_to[0m[2m=[0m276326 [3msqrt_from[0m[2m=[0m79237782868667664141381505734465469 [3msqrt_to[0m[2m=[0m79237807064866204624089262641002456 [3mliq_from[0m[2m=[0m202010012902492125934 [3mliq_to[0m[2m=[0m202010012902492125934
[2m2025-09-28T01:09:06.162343Z[0m [32m INFO[0m [2mmonitor.block[0m[2m:[0m Processing block [3mblock[0m[2m=[0m85445717
[2m2025-09-28T01:09:06.438484Z[0m [32m INFO[0m [2mmonitor.block[0m[2m:[0m Fetched logs [3mblock[0m[2m=[0m85445717 [3mlogs[0m[2m=[0m0
[2m2025-09-28T01:09:08.253513Z[0m [32m INFO[0m [2mmonitor.block[0m[2m:[0m Processing block [3mblock[0m[2m=[0m85445718
[2m2025-09-28T01:09:08.538658Z[0m [32m INFO[0m [2mmonitor.block[0m[2m:[0m Fetched logs [3mblock[0m[2m=[0m85445718 [3mlogs[0m[2m=[0m0
[2m2025-09-28T01:09:10.197797Z[0m [32m INFO[0m [2mmonitor.block[0m[2m:[0m Processing block [3mblock[0m[2m=[0m85445719
[2m2025-09-28T01:09:10.506746Z[0m [32m INFO[0m [2mmonitor.block[0m[2m:[0m Fetched logs [3mblock[0m[2m=[0m85445719 [3mlogs[0m[2m=[0m0
[2m2025-09-28T01:09:12.245057Z[0m [32m INFO[0m [2mmonitor.block[0m[2m:[0m Processing block [3mblock[0m[2m=[0m85445720
[2m2025-09-28T01:09:12.554800Z[0m [32m INFO[0m [2mmonitor.block[0m[2m:[0m Fetched logs [3mblock[0m[2m=[0m85445720 [3mlogs[0m[2m=[0m0
[2m2025-09-28T01:09:14.162166Z[0m [32m INFO[0m [2mmonitor.block[0m[2m:[0m Processing block [3mblock[0m[2m=[0m85445721
[2m2025-09-28T01:09:14.436402Z[0m [32m INFO[0m [2mmonitor.block[0m[2m:[0m Fetched logs [3mblock[0m[2m=[0m85445721 [3mlogs[0m[2m=[0m0
[2m2025-09-28T01:09:16.160739Z[0m [32m INFO[0m [2mmonitor.block[0m[2m:[0m Processing block [3mblock[0m[2m=[0m85445722
[2m2025-09-28T01:09:16.546015Z[0m [32m INFO[0m [2mmonitor.block[0m[2m:[0m Fetched logs [3mblock[0m[2m=[0m85445722 [3mlogs[0m[2m=[0m0
[2m2025-09-28T01:09:18.185141Z[0m [32m INFO[0m [2mmonitor.block[0m[2m:[0m Processing block [3mblock[0m[2m=[0m85445723
[2m2025-09-28T01:09:18.491898Z[0m [32m INFO[0m [2mmonitor.block[0m[2m:[0m Fetched logs [3mblock[0m[2m=[0m85445723 [3mlogs[0m[2m=[0m0
[2m2025-09-28T01:09:20.177425Z[0m [32m INFO[0m [2mmonitor.block[0m[2m:[0m Processing block [3mblock[0m[2m=[0m85445724
[2m2025-09-28T01:09:20.455263Z[0m [32m INFO[0m [2mmonitor.block[0m[2m:[0m Fetched logs [3mblock[0m[2m=[0m85445724 [3mlogs[0m[2m=[0m0
[2m2025-09-28T01:09:22.177877Z[0m [32m INFO[0m [2mmonitor.block[0m[2m:[0m Processing block [3mblock[0m[2m=[0m85445725
[2m2025-09-28T01:09:22.485674Z[0m [32m INFO[0m [2mmonitor.block[0m[2m:[0m Fetched logs [3mblock[0m[2m=[0m85445725 [3mlogs[0m[2m=[0m0
[2m2025-09-28T01:09:24.226317Z[0m [32m INFO[0m [2mmonitor.block[0m[2m:[0m Processing block [3mblock[0m[2m=[0m85445726
[2m2025-09-28T01:09:24.533788Z[0m [32m INFO[0m [2mmonitor.block[0m[2m:[0m Fetched logs [3mblock[0m[2m=[0m85445726 [3mlogs[0m[2m=[0m0
[2m2025-09-28T01:09:26.163516Z[0m [32m INFO[0m [2mmonitor.block[0m[2m:[0m Processing block [3mblock[0m[2m=[0m85445727
[2m2025-09-28T01:09:26.479442Z[0m [32m INFO[0m [2mmonitor.block[0m[2m:[0m Fetched logs [3mblock[0m[2m=[0m85445727 [3mlogs[0m[2m=[0m0
[2m2025-09-28T01:09:28.220421Z[0m [32m INFO[0m [2mmonitor.block[0m[2m:[0m Processing block [3mblock[0m[2m=[0m85445728
[2m2025-09-28T01:09:28.527182Z[0m [32m INFO[0m [2mmonitor.block[0m[2m:[0m Fetched logs [3mblock[0m[2m=[0m85445728 [3mlogs[0m[2m=[0m0
[2m2025-09-28T01:09:30.268128Z[0m [32m INFO[0m [2mmonitor.block[0m[2m:[0m Processing block [3mblock[0m[2m=[0m85445729
[2m2025-09-28T01:09:30.575103Z[0m [32m INFO[0m [2mmonitor.block[0m[2m:[0m Fetched logs [3mblock[0m[2m=[0m85445729 [3mlogs[0m[2m=[0m0
[2m2025-09-28T01:09:32.167970Z[0m [32m INFO[0m [2mmonitor.block[0m[2m:[0m Processing block [3mblock[0m[2m=[0m85445730
[2m2025-09-28T01:09:32.445784Z[0m [32m INFO[0m [2mmonitor.block[0m[2m:[0m Fetched logs [3mblock[0m[2m=[0m85445730 [3mlogs[0m[2m=[0m0
[2m2025-09-28T01:09:34.169028Z[0m [32m INFO[0m [2mmonitor.block[0m[2m:[0m Processing block [3mblock[0m[2m=[0m85445731
[2m2025-09-28T01:09:34.441439Z[0m [32m INFO[0m [2mmonitor.block[0m[2m:[0m Fetched logs [3mblock[0m[2m=[0m85445731 [3mlogs[0m[2m=[0m0
[2m2025-09-28T01:09:36.173416Z[0m [32m INFO[0m [2mmonitor.block[0m[2m:[0m Processing block [3mblock[0m[2m=[0m85445732
[2m2025-09-28T01:09:36.447717Z[0m [32m INFO[0m [2mmonitor.block[0m[2m:[0m Fetched logs [3mblock[0m[2m=[0m85445732 [3mlogs[0m[2m=[0m0
[2m2025-09-28T01:09:38.166759Z[0m [32m INFO[0m [2mmonitor.block[0m[2m:[0m Processing block [3mblock[0m[2m=[0m85445733
[2m2025-09-28T01:09:38.447309Z[0m [32m INFO[0m [2mmonitor.block[0m[2m:[0m Fetched logs [3mblock[0m[2m=[0m85445733 [3mlogs[0m[2m=[0m0
[2m2025-09-28T01:09:40.204052Z[0m [32m INFO[0m [2mmonitor.block[0m[2m:[0m Processing block [3mblock[0m[2m=[0m85445734
[2m2025-09-28T01:09:40.508638Z[0m [32m INFO[0m [2mmonitor.block[0m[2m:[0m Fetched logs [3mblock[0m[2m=[0m85445734 [3mlogs[0m[2m=[0m0
[2m2025-09-28T01:09:42.251644Z[0m [32m INFO[0m [2mmonitor.block[0m[2m:[0m Processing block [3mblock[0m[2m=[0m85445735
[2m2025-09-28T01:09:42.555865Z[0m [32m INFO[0m [2mmonitor.block[0m[2m:[0m Fetched logs [3mblock[0m[2m=[0m85445735 [3mlogs[0m[2m=[0m0
[2m2025-09-28T01:09:44.165576Z[0m [32m INFO[0m [2mmonitor.block[0m[2m:[0m Processing block [3mblock[0m[2m=[0m85445736
[2m2025-09-28T01:09:44.443349Z[0m [32m INFO[0m [2mmonitor.block[0m[2m:[0m Fetched logs [3mblock[0m[2m=[0m85445736 [3mlogs[0m[2m=[0m0
[2m2025-09-28T01:09:46.171019Z[0m [32m INFO[0m [2mmonitor.block[0m[2m:[0m Processing block [3mblock[0m[2m=[0m85445737
[2m2025-09-28T01:09:46.550942Z[0m [32m INFO[0m [2mmonitor.block[0m[2m:[0m Fetched logs [3mblock[0m[2m=[0m85445737 [3mlogs[0m[2m=[0m0
[2m2025-09-28T01:09:48.165124Z[0m [32m INFO[0m [2mmonitor.block[0m[2m:[0m Processing block [3mblock[0m[2m=[0m85445738
[2m2025-09-28T01:09:48.496548Z[0m [32m INFO[0m [2mmonitor.block[0m[2m:[0m Fetched logs [3mblock[0m[2m=[0m85445738 [3mlogs[0m[2m=[0m0
[2m2025-09-28T01:09:50.236107Z[0m [32m INFO[0m [2mmonitor.block[0m[2m:[0m Processing block [3mblock[0m[2m=[0m85445739
[2m2025-09-28T01:09:50.543596Z[0m [32m INFO[0m [2mmonitor.block[0m[2m:[0m Fetched logs [3mblock[0m[2m=[0m85445739 [3mlogs[0m[2m=[0m0
[2m2025-09-28T01:09:52.181831Z[0m [32m INFO[0m [2mmonitor.block[0m[2m:[0m Processing block [3mblock[0m[2m=[0m85445740
[2m2025-09-28T01:09:52.491678Z[0m [32m INFO[0m [2mmonitor.block[0m[2m:[0m Fetched logs [3mblock[0m[2m=[0m85445740 [3mlogs[0m[2m=[0m0
[2m2025-09-28T01:09:54.173739Z[0m [32m INFO[0m [2mmonitor.block[0m[2m:[0m Processing block [3mblock[0m[2m=[0m85445741
[2m2025-09-28T01:09:54.504766Z[0m [32m INFO[0m [2mmonitor.block[0m[2m:[0m Fetched logs [3mblock[0m[2m=[0m85445741 [3mlogs[0m[2m=[0m0
[2m2025-09-28T01:09:56.178612Z[0m [32m INFO[0m [2mmonitor.block[0m[2m:[0m Processing block [3mblock[0m[2m=[0m85445742
[2m2025-09-28T01:09:56.482982Z[0m [32m INFO[0m [2mmonitor.block[0m[2m:[0m Fetched logs [3mblock[0m[2m=[0m85445742 [3mlogs[0m[2m=[0m0
[2m2025-09-28T01:09:58.224129Z[0m [32m INFO[0m [2mmonitor.block[0m[2m:[0m Processing block [3mblock[0m[2m=[0m85445743
[2m2025-09-28T01:09:58.507044Z[0m [32m INFO[0m [2mmonitor.block[0m[2m:[0m Fetched logs [3mblock[0m[2m=[0m85445743 [3mlogs[0m[2m=[0m0
[2m2025-09-28T01:10:00.272591Z[0m [32m INFO[0m [2mmonitor.block[0m[2m:[0m Processing block [3mblock[0m[2m=[0m85445744
[2m2025-09-28T01:10:00.579597Z[0m [32m INFO[0m [2mmonitor.block[0m[2m:[0m Fetched logs [3mblock[0m[2m=[0m85445744 [3mlogs[0m[2m=[0m0
[2m2025-09-28T01:10:02.170473Z[0m [32m INFO[0m [2mmonitor.block[0m[2m:[0m Processing block [3mblock[0m[2m=[0m85445745
[2m2025-09-28T01:10:02.454107Z[0m [32m INFO[0m [2mmonitor.block[0m[2m:[0m Fetched logs [3mblock[0m[2m=[0m85445745 [3mlogs[0m[2m=[0m0
[2m2025-09-28T01:10:04.167077Z[0m [32m INFO[0m [2mmonitor.block[0m[2m:[0m Processing block [3mblock[0m[2m=[0m85445746
[2m2025-09-28T01:10:04.469898Z[0m [32m INFO[0m [2mmonitor.block[0m[2m:[0m Fetched logs [3mblock[0m[2m=[0m85445746 [3mlogs[0m[2m=[0m0
[2m2025-09-28T01:10:06.171866Z[0m [32m INFO[0m [2mmonitor.block[0m[2m:[0m Processing block [3mblock[0m[2m=[0m85445747
[2m2025-09-28T01:10:06.518398Z[0m [32m INFO[0m [2mmonitor.block[0m[2m:[0m Fetched logs [3mblock[0m[2m=[0m85445747 [3mlogs[0m[2m=[0m0
[2m2025-09-28T01:10:08.164304Z[0m [32m INFO[0m [2mmonitor.block[0m[2m:[0m Processing block [3mblock[0m[2m=[0m85445748
[2m2025-09-28T01:10:08.463924Z[0m [32m INFO[0m [2mmonitor.block[0m[2m:[0m Fetched logs [3mblock[0m[2m=[0m85445748 [3mlogs[0m[2m=[0m0
[2m2025-09-28T01:10:10.205586Z[0m [32m INFO[0m [2mmonitor.block[0m[2m:[0m Processing block [3mblock[0m[2m=[0m85445749
[2m2025-09-28T01:10:10.511817Z[0m [32m INFO[0m [2mmonitor.block[0m[2m:[0m Fetched logs [3mblock[0m[2m=[0m85445749 [3mlogs[0m[2m=[0m0
[2m2025-09-28T01:10:12.252962Z[0m [32m INFO[0m [2mmonitor.block[0m[2m:[0m Processing block [3mblock[0m[2m=[0m85445750
[2m2025-09-28T01:10:12.535955Z[0m [32m INFO[0m [2mmonitor.block[0m[2m:[0m Fetched logs [3mblock[0m[2m=[0m85445750 [3mlogs[0m[2m=[0m0
[2m2025-09-28T01:10:14.170832Z[0m [32m INFO[0m [2mmonitor.block[0m[2m:[0m Processing block [3mblock[0m[2m=[0m85445751
[2m2025-09-28T01:10:14.447780Z[0m [32m INFO[0m [2mmonitor.block[0m[2m:[0m Fetched logs [3mblock[0m[2m=[0m85445751 [3mlogs[0m[2m=[0m0
[2m2025-09-28T01:10:16.178505Z[0m [32m INFO[0m [2mmonitor.block[0m[2m:[0m Processing block [3mblock[0m[2m=[0m85445752
[2m2025-09-28T01:10:16.452698Z[0m [32m INFO[0m [2mmonitor.block[0m[2m:[0m Fetched logs [3mblock[0m[2m=[0m85445752 [3mlogs[0m[2m=[0m0
[2m2025-09-28T01:10:18.165183Z[0m [32m INFO[0m [2mmonitor.block[0m[2m:[0m Processing block [3mblock[0m[2m=[0m85445753
[2m2025-09-28T01:10:18.444838Z[0m [32m INFO[0m [2mmonitor.block[0m[2m:[0m Fetched logs [3mblock[0m[2m=[0m85445753 [3mlogs[0m[2m=[0m0
[2m2025-09-28T01:10:20.164848Z[0m [32m INFO[0m [2mmonitor.block[0m[2m:[0m Processing block [3mblock[0m[2m=[0m85445754
[2m2025-09-28T01:10:20.446510Z[0m [32m INFO[0m [2mmonitor.block[0m[2m:[0m Fetched logs [3mblock[0m[2m=[0m85445754 [3mlogs[0m[2m=[0m0
[2m2025-09-28T01:10:22.166717Z[0m [32m INFO[0m [2mmonitor.block[0m[2m:[0m Processing block [3mblock[0m[2m=[0m85445755
[2m2025-09-28T01:10:22.493176Z[0m [32m INFO[0m [2mmonitor.block[0m[2m:[0m Fetched logs [3mblock[0m[2m=[0m85445755 [3mlogs[0m[2m=[0m0
[2m2025-09-28T01:10:24.170630Z[0m [32m INFO[0m [2mmonitor.block[0m[2m:[0m Processing block [3mblock[0m[2m=[0m85445756
[2m2025-09-28T01:10:24.541606Z[0m [32m INFO[0m [2mmonitor.block[0m[2m:[0m Fetched logs [3mblock[0m[2m=[0m85445756 [3mlogs[0m[2m=[0m0
[2m2025-09-28T01:10:26.170467Z[0m [32m INFO[0m [2mmonitor.block[0m[2m:[0m Processing block [3mblock[0m[2m=[0m85445757
[2m2025-09-28T01:10:26.487834Z[0m [32m INFO[0m [2mmonitor.block[0m[2m:[0m Fetched logs [3mblock[0m[2m=[0m85445757 [3mlogs[0m[2m=[0m0
[2m2025-09-28T01:10:28.228067Z[0m [32m INFO[0m [2mmonitor.block[0m[2m:[0m Processing block [3mblock[0m[2m=[0m85445758
[2m2025-09-28T01:10:28.535560Z[0m [32m INFO[0m [2mmonitor.block[0m[2m:[0m Fetched logs [3mblock[0m[2m=[0m85445758 [3mlogs[0m[2m=[0m0
[2m2025-09-28T01:10:30.276100Z[0m [32m INFO[0m [2mmonitor.block[0m[2m:[0m Processing block [3mblock[0m[2m=[0m85445759
[2m2025-09-28T01:10:30.583666Z[0m [32m INFO[0m [2mmonitor.block[0m[2m:[0m Fetched logs [3mblock[0m[2m=[0m85445759 [3mlogs[0m[2m=[0m0
[2m2025-09-28T01:10:32.164703Z[0m [32m INFO[0m [2mmonitor.block[0m[2m:[0m Processing block [3mblock[0m[2m=[0m85445760
[2m2025-09-28T01:10:32.440926Z[0m [32m INFO[0m [2mmonitor.block[0m[2m:[0m Fetched logs [3mblock[0m[2m=[0m85445760 [3mlogs[0m[2m=[0m0
[2m2025-09-28T01:10:34.216192Z[0m [32m INFO[0m [2mmonitor.block[0m[2m:[0m Processing block [3mblock[0m[2m=[0m85445761
[2m2025-09-28T01:10:34.494829Z[0m [32m INFO[0m [2mmonitor.block[0m[2m:[0m Fetched logs [3mblock[0m[2m=[0m85445761 [3mlogs[0m[2m=[0m0
[2m2025-09-28T01:10:36.165422Z[0m [32m INFO[0m [2mmonitor.block[0m[2m:[0m Processing block [3mblock[0m[2m=[0m85445762
[2m2025-09-28T01:10:36.525026Z[0m [32m INFO[0m [2mmonitor.block[0m[2m:[0m Fetched logs [3mblock[0m[2m=[0m85445762 [3mlogs[0m[2m=[0m0
[2m2025-09-28T01:10:38.181494Z[0m [32m INFO[0m [2mmonitor.block[0m[2m:[0m Processing block [3mblock[0m[2m=[0m85445763
[2m2025-09-28T01:10:38.455464Z[0m [32m INFO[0m [2mmonitor.block[0m[2m:[0m Fetched logs [3mblock[0m[2m=[0m85445763 [3mlogs[0m[2m=[0m0
[2m2025-09-28T01:10:40.162321Z[0m [32m INFO[0m [2mmonitor.block[0m[2m:[0m Processing block [3mblock[0m[2m=[0m85445764
[2m2025-09-28T01:10:40.435987Z[0m [32m INFO[0m [2mmonitor.block[0m[2m:[0m Fetched logs [3mblock[0m[2m=[0m85445764 [3mlogs[0m[2m=[0m2
[2m2025-09-28T01:10:40.436762Z[0m [32m INFO[0m [2mmonitor.pool[0m[2m:[0m Applied [3maddress[0m[2m=[0m0xeafc4d6d4c3391cd4fc10c85d2f5f972d58c0dd5 [3mevent[0m[2m=[0m"Burn" [3mowner[0m[2m=[0m0x218bf598d1453383e2f4aa7b14ffb9bfb102d637 [3mtick_lower[0m[2m=[0m-6100 [3mtick_upper[0m[2m=[0m-3600 [3mamount[0m[2m=[0m0 [3mamount0[0m[2m=[0m0 [3mamount1[0m[2m=[0m0 [3mtick_from[0m[2m=[0m-5337 [3mtick_to[0m[2m=[0m-5337 [3mliq_from[0m[2m=[0m11482966354878226297460874 [3mliq_to[0m[2m=[0m11482966354878226297460874
[2m2025-09-28T01:10:40.437125Z[0m [32m INFO[0m [2mmonitor.pool[0m[2m:[0m Applied [3maddress[0m[2m=[0m0x36a7aff497eef6a9cd7d0e7bc243793fcb3e57e2 [3mevent[0m[2m=[0m"Swap" [3mamount0[0m[2m=[0m-61611116 [3mamount1[0m[2m=[0m61632299275810187937 [3mtick_from[0m[2m=[0m276326 [3mtick_to[0m[2m=[0m276326 [3msqrt_from[0m[2m=[0m79237807064866204624089262641002456 [3msqrt_to[0m[2m=[0m79237831234586564604902169368109424 [3mliq_from[0m[2m=[0m202010012902492125934 [3mliq_to[0m[2m=[0m202010012902492125934
[2m2025-09-28T01:10:42.212459Z[0m [32m INFO[0m [2mmonitor.block[0m[2m:[0m Processing block [3mblock[0m[2m=[0m85445765
[2m2025-09-28T01:10:42.494134Z[0m [32m INFO[0m [2mmonitor.block[0m[2m:[0m Fetched logs [3mblock[0m[2m=[0m85445765 [3mlogs[0m[2m=[0m0
[2m2025-09-28T01:10:44.181246Z[0m [32m INFO[0m [2mmonitor.block[0m[2m:[0m Processing block [3mblock[0m[2m=[0m85445766
[2m2025-09-28T01:10:44.454989Z[0m [32m INFO[0m [2mmonitor.block[0m[2m:[0m Fetched logs [3mblock[0m[2m=[0m85445766 [3mlogs[0m[2m=[0m1
[2m2025-09-28T01:10:44.455388Z[0m [32m INFO[0m [2mmonitor.pool[0m[2m:[0m Applied [3maddress[0m[2m=[0m0x36a7aff497eef6a9cd7d0e7bc243793fcb3e57e2 [3mevent[0m[2m=[0m"Swap" [3mamount0[0m[2m=[0m-61605504 [3mamount1[0m[2m=[0m61626722968254387291 [3mtick_from[0m[2m=[0m276326 [3mtick_to[0m[2m=[0m276326 [3msqrt_from[0m[2m=[0m79237831234586564604902169368109424 [3msqrt_to[0m[2m=[0m79237855402120120006807404060036994 [3mliq_from[0m[2m=[0m202010012902492125934 [3mliq_to[0m[2m=[0m202010012902492125934
[2m2025-09-28T01:10:46.183659Z[0m [32m INFO[0m [2mmonitor.block[0m[2m:[0m Processing block [3mblock[0m[2m=[0m85445767
[2m2025-09-28T01:10:46.462799Z[0m [32m INFO[0m [2mmonitor.block[0m[2m:[0m Fetched logs [3mblock[0m[2m=[0m85445767 [3mlogs[0m[2m=[0m0
[2m2025-09-28T01:10:48.196736Z[0m [32m INFO[0m [2mmonitor.block[0m[2m:[0m Processing block [3mblock[0m[2m=[0m85445768
[2m2025-09-28T01:10:48.476045Z[0m [32m INFO[0m [2mmonitor.block[0m[2m:[0m Fetched logs [3mblock[0m[2m=[0m85445768 [3mlogs[0m[2m=[0m1
[2m2025-09-28T01:10:48.477107Z[0m [32m INFO[0m [2mmonitor.pool[0m[2m:[0m Applied [3maddress[0m[2m=[0m0x36a7aff497eef6a9cd7d0e7bc243793fcb3e57e2 [3mevent[0m[2m=[0m"Swap" [3mamount0[0m[2m=[0m-61594320 [3mamount1[0m[2m=[0m61615572623278080663 [3mtick_from[0m[2m=[0m276326 [3mtick_to[0m[2m=[0m276326 [3msqrt_from[0m[2m=[0m79237855402120120006807404060036994 [3msqrt_to[0m[2m=[0m79237879565280956507076214713464209 [3mliq_from[0m[2m=[0m202010012902492125934 [3mliq_to[0m[2m=[0m202010012902492125934
[2m2025-09-28T01:10:50.169909Z[0m [32m INFO[0m [2mmonitor.block[0m[2m:[0m Processing block [3mblock[0m[2m=[0m85445769
[2m2025-09-28T01:10:50.552040Z[0m [32m INFO[0m [2mmonitor.block[0m[2m:[0m Fetched logs [3mblock[0m[2m=[0m85445769 [3mlogs[0m[2m=[0m2
[2m2025-09-28T01:10:50.552732Z[0m [32m INFO[0m [2mmonitor.pool[0m[2m:[0m Applied [3maddress[0m[2m=[0m0x36a7aff497eef6a9cd7d0e7bc243793fcb3e57e2 [3mevent[0m[2m=[0m"Swap" [3mamount0[0m[2m=[0m220011591 [3mamount1[0m[2m=[0m-220043314525760274420 [3mtick_from[0m[2m=[0m276326 [3mtick_to[0m[2m=[0m276326 [3msqrt_from[0m[2m=[0m79237879565280956507076214713464209 [3msqrt_to[0m[2m=[0m79237793264472234518993524669769918 [3mliq_from[0m[2m=[0m202010012902492125934 [3mliq_to[0m[2m=[0m202010012902492125934
[2m2025-09-28T01:10:50.553206Z[0m [32m INFO[0m [2mmonitor.pool[0m[2m:[0m Applied [3maddress[0m[2m=[0m0xbcf99c834e65e8a58090e20edc058279317865bd [3mevent[0m[2m=[0m"Swap" [3mamount0[0m[2m=[0m-220104736 [3mamount1[0m[2m=[0m220043314525760274420 [3mtick_from[0m[2m=[0m276320 [3mtick_to[0m[2m=[0m276320 [3msqrt_from[0m[2m=[0m79213108054036628881622612201319567 [3msqrt_to[0m[2m=[0m79213184340840026879849875252918794 [3mliq_from[0m[2m=[0m228504581975096749067 [3mliq_to[0m[2m=[0m228504581975096749067
[2m2025-09-28T01:10:52.177207Z[0m [32m INFO[0m [2mmonitor.block[0m[2m:[0m Processing block [3mblock[0m[2m=[0m85445770
[2m2025-09-28T01:10:52.497307Z[0m [32m INFO[0m [2mmonitor.block[0m[2m:[0m Fetched logs [3mblock[0m[2m=[0m85445770 [3mlogs[0m[2m=[0m0
[2m2025-09-28T01:10:54.172298Z[0m [32m INFO[0m [2mmonitor.block[0m[2m:[0m Processing block [3mblock[0m[2m=[0m85445771
[2m2025-09-28T01:10:54.463146Z[0m [32m INFO[0m [2mmonitor.block[0m[2m:[0m Fetched logs [3mblock[0m[2m=[0m85445771 [3mlogs[0m[2m=[0m0
[2m2025-09-28T01:10:56.178894Z[0m [32m INFO[0m [2mmonitor.block[0m[2m:[0m Processing block [3mblock[0m[2m=[0m85445772
[2m2025-09-28T01:10:56.490476Z[0m [32m INFO[0m [2mmonitor.block[0m[2m:[0m Fetched logs [3mblock[0m[2m=[0m85445772 [3mlogs[0m[2m=[0m0
[2m2025-09-28T01:10:58.172185Z[0m [32m INFO[0m [2mmonitor.block[0m[2m:[0m Processing block [3mblock[0m[2m=[0m85445773
[2m2025-09-28T01:10:58.452195Z[0m [32m INFO[0m [2mmonitor.block[0m[2m:[0m Fetched logs [3mblock[0m[2m=[0m85445773 [3mlogs[0m[2m=[0m1
[2m2025-09-28T01:10:58.452975Z[0m [32m INFO[0m [2mmonitor.pool[0m[2m:[0m Applied [3maddress[0m[2m=[0m0xeafc4d6d4c3391cd4fc10c85d2f5f972d58c0dd5 [3mevent[0m[2m=[0m"Burn" [3mowner[0m[2m=[0m0x218bf598d1453383e2f4aa7b14ffb9bfb102d637 [3mtick_lower[0m[2m=[0m-6950 [3mtick_upper[0m[2m=[0m-4500 [3mamount[0m[2m=[0m0 [3mamount0[0m[2m=[0m0 [3mamount1[0m[2m=[0m0 [3mtick_from[0m[2m=[0m-5337 [3mtick_to[0m[2m=[0m-5337 [3mliq_from[0m[2m=[0m11482966354878226297460874 [3mliq_to[0m[2m=[0m11482966354878226297460874
[2m2025-09-28T01:11:00.194047Z[0m [32m INFO[0m [2mmonitor.block[0m[2m:[0m Processing block [3mblock[0m[2m=[0m85445774
[2m2025-09-28T01:11:00.587164Z[0m [32m INFO[0m [2mmonitor.block[0m[2m:[0m Fetched logs [3mblock[0m[2m=[0m85445774 [3mlogs[0m[2m=[0m0
[2m2025-09-28T01:11:02.225578Z[0m [32m INFO[0m [2mmonitor.block[0m[2m:[0m Processing block [3mblock[0m[2m=[0m85445775
[2m2025-09-28T01:11:02.532285Z[0m [32m INFO[0m [2mmonitor.block[0m[2m:[0m Fetched logs [3mblock[0m[2m=[0m85445775 [3mlogs[0m[2m=[0m0
[2m2025-09-28T01:11:04.274835Z[0m [32m INFO[0m [2mmonitor.block[0m[2m:[0m Processing block [3mblock[0m[2m=[0m85445776
[2m2025-09-28T01:11:04.557692Z[0m [32m INFO[0m [2mmonitor.block[0m[2m:[0m Fetched logs [3mblock[0m[2m=[0m85445776 [3mlogs[0m[2m=[0m0
[2m2025-09-28T01:11:06.211187Z[0m [32m INFO[0m [2mmonitor.block[0m[2m:[0m Processing block [3mblock[0m[2m=[0m85445777
[2m2025-09-28T01:11:06.525939Z[0m [32m INFO[0m [2mmonitor.block[0m[2m:[0m Fetched logs [3mblock[0m[2m=[0m85445777 [3mlogs[0m[2m=[0m0
[2m2025-09-28T01:11:08.190862Z[0m [32m INFO[0m [2mmonitor.block[0m[2m:[0m Processing block [3mblock[0m[2m=[0m85445778
[2m2025-09-28T01:11:08.465090Z[0m [32m INFO[0m [2mmonitor.block[0m[2m:[0m Fetched logs [3mblock[0m[2m=[0m85445778 [3mlogs[0m[2m=[0m0
[2m2025-09-28T01:11:10.212869Z[0m [32m INFO[0m [2mmonitor.block[0m[2m:[0m Processing block [3mblock[0m[2m=[0m85445779
[2m2025-09-28T01:11:10.493896Z[0m [32m INFO[0m [2mmonitor.block[0m[2m:[0m Fetched logs [3mblock[0m[2m=[0m85445779 [3mlogs[0m[2m=[0m0
[2m2025-09-28T01:11:12.216954Z[0m [32m INFO[0m [2mmonitor.block[0m[2m:[0m Processing block [3mblock[0m[2m=[0m85445780
[2m2025-09-28T01:11:12.568013Z[0m [32m INFO[0m [2mmonitor.block[0m[2m:[0m Fetched logs [3mblock[0m[2m=[0m85445780 [3mlogs[0m[2m=[0m0
[2m2025-09-28T01:11:14.209243Z[0m [32m INFO[0m [2mmonitor.block[0m[2m:[0m Processing block [3mblock[0m[2m=[0m85445781
[2m2025-09-28T01:11:14.486359Z[0m [32m INFO[0m [2mmonitor.block[0m[2m:[0m Fetched logs [3mblock[0m[2m=[0m85445781 [3mlogs[0m[2m=[0m0
[2m2025-09-28T01:11:16.216024Z[0m [32m INFO[0m [2mmonitor.block[0m[2m:[0m Processing block [3mblock[0m[2m=[0m85445782
[2m2025-09-28T01:11:16.491696Z[0m [32m INFO[0m [2mmonitor.block[0m[2m:[0m Fetched logs [3mblock[0m[2m=[0m85445782 [3mlogs[0m[2m=[0m0
[2m2025-09-28T01:11:18.165281Z[0m [32m INFO[0m [2mmonitor.block[0m[2m:[0m Processing block [3mblock[0m[2m=[0m85445783
[2m2025-09-28T01:11:18.444624Z[0m [32m INFO[0m [2mmonitor.block[0m[2m:[0m Fetched logs [3mblock[0m[2m=[0m85445783 [3mlogs[0m[2m=[0m0
[2m2025-09-28T01:11:20.169037Z[0m [32m INFO[0m [2mmonitor.block[0m[2m:[0m Processing block [3mblock[0m[2m=[0m85445784
[2m2025-09-28T01:11:20.557499Z[0m [32m INFO[0m [2mmonitor.block[0m[2m:[0m Fetched logs [3mblock[0m[2m=[0m85445784 [3mlogs[0m[2m=[0m0
[2m2025-09-28T01:11:22.193674Z[0m [32m INFO[0m [2mmonitor.block[0m[2m:[0m Processing block [3mblock[0m[2m=[0m85445785
[2m2025-09-28T01:11:22.507755Z[0m [32m INFO[0m [2mmonitor.block[0m[2m:[0m Fetched logs [3mblock[0m[2m=[0m85445785 [3mlogs[0m[2m=[0m1
[2m2025-09-28T01:11:22.508521Z[0m [32m INFO[0m [2mmonitor.pool[0m[2m:[0m Applied [3maddress[0m[2m=[0m0x36a7aff497eef6a9cd7d0e7bc243793fcb3e57e2 [3mevent[0m[2m=[0m"Swap" [3mamount0[0m[2m=[0m-61588844 [3mamount1[0m[2m=[0m61609998585583753768 [3mtick_from[0m[2m=[0m276326 [3mtick_to[0m[2m=[0m276326 [3msqrt_from[0m[2m=[0m79237793264472234518993524669769918 [3msqrt_to[0m[2m=[0m79237817425447156589151983870819858 [3mliq_from[0m[2m=[0m202010012902492125934 [3mliq_to[0m[2m=[0m202010012902492125934
[2m2025-09-28T01:11:24.162322Z[0m [32m INFO[0m [2mmonitor.block[0m[2m:[0m Processing block [3mblock[0m[2m=[0m85445786
[2m2025-09-28T01:11:24.438081Z[0m [32m INFO[0m [2mmonitor.block[0m[2m:[0m Fetched logs [3mblock[0m[2m=[0m85445786 [3mlogs[0m[2m=[0m0
[2m2025-09-28T01:11:26.164966Z[0m [32m INFO[0m [2mmonitor.block[0m[2m:[0m Processing block [3mblock[0m[2m=[0m85445787
[2m2025-09-28T01:11:26.494733Z[0m [32m INFO[0m [2mmonitor.block[0m[2m:[0m Fetched logs [3mblock[0m[2m=[0m85445787 [3mlogs[0m[2m=[0m0
[2m2025-09-28T01:11:28.235816Z[0m [32m INFO[0m [2mmonitor.block[0m[2m:[0m Processing block [3mblock[0m[2m=[0m85445788
[2m2025-09-28T01:11:28.510292Z[0m [32m INFO[0m [2mmonitor.block[0m[2m:[0m Fetched logs [3mblock[0m[2m=[0m85445788 [3mlogs[0m[2m=[0m0
[2m2025-09-28T01:11:30.180954Z[0m [32m INFO[0m [2mmonitor.block[0m[2m:[0m Processing block [3mblock[0m[2m=[0m85445789
[2m2025-09-28T01:11:30.458405Z[0m [32m INFO[0m [2mmonitor.block[0m[2m:[0m Fetched logs [3mblock[0m[2m=[0m85445789 [3mlogs[0m[2m=[0m0
[2m2025-09-28T01:11:32.229478Z[0m [32m INFO[0m [2mmonitor.block[0m[2m:[0m Processing block [3mblock[0m[2m=[0m85445790
[2m2025-09-28T01:11:32.536002Z[0m [32m INFO[0m [2mmonitor.block[0m[2m:[0m Fetched logs [3mblock[0m[2m=[0m85445790 [3mlogs[0m[2m=[0m1
[2m2025-09-28T01:11:32.536710Z[0m [32m INFO[0m [2mmonitor.pool[0m[2m:[0m Applied [3maddress[0m[2m=[0m0xeafc4d6d4c3391cd4fc10c85d2f5f972d58c0dd5 [3mevent[0m[2m=[0m"Mint" [3mowner[0m[2m=[0m0x218bf598d1453383e2f4aa7b14ffb9bfb102d637 [3mtick_lower[0m[2m=[0m-6100 [3mtick_upper[0m[2m=[0m-3600 [3mamount[0m[2m=[0m6444584903004248007 [3mamount0[0m[2m=[0m699999999999999998 [3mamount1[0m[2m=[0m184732969676880793 [3mtick_from[0m[2m=[0m-5337 [3mtick_to[0m[2m=[0m-5337 [3mliq_from[0m[2m=[0m11482966354878226297460874 [3mliq_to[0m[2m=[0m11482972799463129301708881
[2m2025-09-28T01:11:34.166979Z[0m [32m INFO[0m [2mmonitor.block[0m[2m:[0m Processing block [3mblock[0m[2m=[0m85445791
[2m2025-09-28T01:11:34.481682Z[0m [32m INFO[0m [2mmonitor.block[0m[2m:[0m Fetched logs [3mblock[0m[2m=[0m85445791 [3mlogs[0m[2m=[0m0
[2m2025-09-28T01:11:36.167215Z[0m [32m INFO[0m [2mmonitor.block[0m[2m:[0m Processing block [3mblock[0m[2m=[0m85445792
[2m2025-09-28T01:11:36.442246Z[0m [32m INFO[0m [2mmonitor.block[0m[2m:[0m Fetched logs [3mblock[0m[2m=[0m85445792 [3mlogs[0m[2m=[0m0
[2m2025-09-28T01:11:38.163313Z[0m [32m INFO[0m [2mmonitor.block[0m[2m:[0m Processing block [3mblock[0m[2m=[0m85445793
[2m2025-09-28T01:11:38.438247Z[0m [32m INFO[0m [2mmonitor.block[0m[2m:[0m Fetched logs [3mblock[0m[2m=[0m85445793 [3mlogs[0m[2m=[0m0
[2m2025-09-28T01:11:40.216188Z[0m [32m INFO[0m [2mmonitor.block[0m[2m:[0m Processing block [3mblock[0m[2m=[0m85445794
[2m2025-09-28T01:11:40.530498Z[0m [32m INFO[0m [2mmonitor.block[0m[2m:[0m Fetched logs [3mblock[0m[2m=[0m85445794 [3mlogs[0m[2m=[0m0
[2m2025-09-28T01:11:42.243241Z[0m [32m INFO[0m [2mmonitor.block[0m[2m:[0m Processing block [3mblock[0m[2m=[0m85445795
[2m2025-09-28T01:11:42.526957Z[0m [32m INFO[0m [2mmonitor.block[0m[2m:[0m Fetched logs [3mblock[0m[2m=[0m85445795 [3mlogs[0m[2m=[0m0
[2m2025-09-28T01:11:44.163696Z[0m [32m INFO[0m [2mmonitor.block[0m[2m:[0m Processing block [3mblock[0m[2m=[0m85445796
[2m2025-09-28T01:11:44.441680Z[0m [32m INFO[0m [2mmonitor.block[0m[2m:[0m Fetched logs [3mblock[0m[2m=[0m85445796 [3mlogs[0m[2m=[0m0
[2m2025-09-28T01:11:46.166229Z[0m [32m INFO[0m [2mmonitor.block[0m[2m:[0m Processing block [3mblock[0m[2m=[0m85445797
[2m2025-09-28T01:11:46.442487Z[0m [32m INFO[0m [2mmonitor.block[0m[2m:[0m Fetched logs [3mblock[0m[2m=[0m85445797 [3mlogs[0m[2m=[0m0
[2m2025-09-28T01:11:48.210644Z[0m [32m INFO[0m [2mmonitor.block[0m[2m:[0m Processing block [3mblock[0m[2m=[0m85445798
[2m2025-09-28T01:11:48.529311Z[0m [32m INFO[0m [2mmonitor.block[0m[2m:[0m Fetched logs [3mblock[0m[2m=[0m85445798 [3mlogs[0m[2m=[0m0
[2m2025-09-28T01:11:50.185427Z[0m [32m INFO[0m [2mmonitor.block[0m[2m:[0m Processing block [3mblock[0m[2m=[0m85445799
[2m2025-09-28T01:11:50.558505Z[0m [32m INFO[0m [2mmonitor.block[0m[2m:[0m Fetched logs [3mblock[0m[2m=[0m85445799 [3mlogs[0m[2m=[0m0
[2m2025-09-28T01:11:52.197701Z[0m [32m INFO[0m [2mmonitor.block[0m[2m:[0m Processing block [3mblock[0m[2m=[0m85445800
[2m2025-09-28T01:11:52.472884Z[0m [32m INFO[0m [2mmonitor.block[0m[2m:[0m Fetched logs [3mblock[0m[2m=[0m85445800 [3mlogs[0m[2m=[0m1
[2m2025-09-28T01:11:52.473620Z[0m [32m INFO[0m [2mmonitor.pool[0m[2m:[0m Applied [3maddress[0m[2m=[0m0x54169896d28dec0ffabe3b16f90f71323774949f [3mevent[0m[2m=[0m"Swap" [3mamount0[0m[2m=[0m-32218141029443189 [3mamount1[0m[2m=[0m13682933170089 [3mtick_from[0m[2m=[0m-77651 [3mtick_to[0m[2m=[0m-77650 [3msqrt_from[0m[2m=[0m1632279211667162523300171908 [3msqrt_to[0m[2m=[0m1632398713804198731089249763 [3mliq_from[0m[2m=[0m9067048028746298735 [3mliq_to[0m[2m=[0m9067048028746298735
[2m2025-09-28T01:11:54.164540Z[0m [32m INFO[0m [2mmonitor.block[0m[2m:[0m Processing block [3mblock[0m[2m=[0m85445801
[2m2025-09-28T01:11:54.441115Z[0m [32m INFO[0m [2mmonitor.block[0m[2m:[0m Fetched logs [3mblock[0m[2m=[0m85445801 [3mlogs[0m[2m=[0m0
[2m2025-09-28T01:11:56.166873Z[0m [32m INFO[0m [2mmonitor.block[0m[2m:[0m Processing block [3mblock[0m[2m=[0m85445802
[2m2025-09-28T01:11:56.441675Z[0m [32m INFO[0m [2mmonitor.block[0m[2m:[0m Fetched logs [3mblock[0m[2m=[0m85445802 [3mlogs[0m[2m=[0m0
[2m2025-09-28T01:11:58.239572Z[0m [32m INFO[0m [2mmonitor.block[0m[2m:[0m Processing block [3mblock[0m[2m=[0m85445803
[2m2025-09-28T01:11:58.545804Z[0m [32m INFO[0m [2mmonitor.block[0m[2m:[0m Fetched logs [3mblock[0m[2m=[0m85445803 [3mlogs[0m[2m=[0m0
[2m2025-09-28T01:12:00.165804Z[0m [32m INFO[0m [2mmonitor.block[0m[2m:[0m Processing block [3mblock[0m[2m=[0m85445804
[2m2025-09-28T01:12:00.443936Z[0m [32m INFO[0m [2mmonitor.block[0m[2m:[0m Fetched logs [3mblock[0m[2m=[0m85445804 [3mlogs[0m[2m=[0m0
[2m2025-09-28T01:12:02.232933Z[0m [32m INFO[0m [2mmonitor.block[0m[2m:[0m Processing block [3mblock[0m[2m=[0m85445805
[2m2025-09-28T01:12:02.642442Z[0m [32m INFO[0m [2mmonitor.block[0m[2m:[0m Fetched logs [3mblock[0m[2m=[0m85445805 [3mlogs[0m[2m=[0m0
[2m2025-09-28T01:12:04.178934Z[0m [32m INFO[0m [2mmonitor.block[0m[2m:[0m Processing block [3mblock[0m[2m=[0m85445806
[2m2025-09-28T01:12:04.486434Z[0m [32m INFO[0m [2mmonitor.block[0m[2m:[0m Fetched logs [3mblock[0m[2m=[0m85445806 [3mlogs[0m[2m=[0m0
[2m2025-09-28T01:12:06.164755Z[0m [32m INFO[0m [2mmonitor.block[0m[2m:[0m Processing block [3mblock[0m[2m=[0m85445807
[2m2025-09-28T01:12:06.534162Z[0m [32m INFO[0m [2mmonitor.block[0m[2m:[0m Fetched logs [3mblock[0m[2m=[0m85445807 [3mlogs[0m[2m=[0m0
[2m2025-09-28T01:12:08.274790Z[0m [32m INFO[0m [2mmonitor.block[0m[2m:[0m Processing block [3mblock[0m[2m=[0m85445808
[2m2025-09-28T01:12:08.581118Z[0m [32m INFO[0m [2mmonitor.block[0m[2m:[0m Fetched logs [3mblock[0m[2m=[0m85445808 [3mlogs[0m[2m=[0m0
[2m2025-09-28T01:12:10.220699Z[0m [32m INFO[0m [2mmonitor.block[0m[2m:[0m Processing block [3mblock[0m[2m=[0m85445809
[2m2025-09-28T01:12:10.527984Z[0m [32m INFO[0m [2mmonitor.block[0m[2m:[0m Fetched logs [3mblock[0m[2m=[0m85445809 [3mlogs[0m[2m=[0m0
[2m2025-09-28T01:12:12.268665Z[0m [32m INFO[0m [2mmonitor.block[0m[2m:[0m Processing block [3mblock[0m[2m=[0m85445810
[2m2025-09-28T01:12:12.677606Z[0m [32m INFO[0m [2mmonitor.block[0m[2m:[0m Fetched logs [3mblock[0m[2m=[0m85445810 [3mlogs[0m[2m=[0m0
[2m2025-09-28T01:12:14.166611Z[0m [32m INFO[0m [2mmonitor.block[0m[2m:[0m Processing block [3mblock[0m[2m=[0m85445811
[2m2025-09-28T01:12:14.438809Z[0m [32m INFO[0m [2mmonitor.block[0m[2m:[0m Fetched logs [3mblock[0m[2m=[0m85445811 [3mlogs[0m[2m=[0m0
[2m2025-09-28T01:12:16.168072Z[0m [32m INFO[0m [2mmonitor.block[0m[2m:[0m Processing block [3mblock[0m[2m=[0m85445812
[2m2025-09-28T01:12:16.443084Z[0m [32m INFO[0m [2mmonitor.block[0m[2m:[0m Fetched logs [3mblock[0m[2m=[0m85445812 [3mlogs[0m[2m=[0m1
[2m2025-09-28T01:12:16.444094Z[0m [32m INFO[0m [2mmonitor.pool[0m[2m:[0m Applied [3maddress[0m[2m=[0m0x36a7aff497eef6a9cd7d0e7bc243793fcb3e57e2 [3mevent[0m[2m=[0m"Swap" [3mamount0[0m[2m=[0m-61577665 [3mamount1[0m[2m=[0m61598852779098432734 [3mtick_from[0m[2m=[0m276326 [3mtick_to[0m[2m=[0m276326 [3msqrt_from[0m[2m=[0m79237817425447156589151983870819858 [3msqrt_to[0m[2m=[0m79237841582051139572142520739705071 [3mliq_from[0m[2m=[0m202010012902492125934 [3mliq_to[0m[2m=[0m202010012902492125934
[2m2025-09-28T01:12:18.238953Z[0m [32m INFO[0m [2mmonitor.block[0m[2m:[0m Processing block [3mblock[0m[2m=[0m85445813
[2m2025-09-28T01:12:18.515324Z[0m [32m INFO[0m [2mmonitor.block[0m[2m:[0m Fetched logs [3mblock[0m[2m=[0m85445813 [3mlogs[0m[2m=[0m0
[2m2025-09-28T01:12:20.164621Z[0m [32m INFO[0m [2mmonitor.block[0m[2m:[0m Processing block [3mblock[0m[2m=[0m85445814
[2m2025-09-28T01:12:20.460899Z[0m [32m INFO[0m [2mmonitor.block[0m[2m:[0m Fetched logs [3mblock[0m[2m=[0m85445814 [3mlogs[0m[2m=[0m0
[2m2025-09-28T01:12:22.201675Z[0m [32m INFO[0m [2mmonitor.block[0m[2m:[0m Processing block [3mblock[0m[2m=[0m85445815
[2m2025-09-28T01:12:22.508498Z[0m [32m INFO[0m [2mmonitor.block[0m[2m:[0m Fetched logs [3mblock[0m[2m=[0m85445815 [3mlogs[0m[2m=[0m0
[2m2025-09-28T01:12:24.250061Z[0m [32m INFO[0m [2mmonitor.block[0m[2m:[0m Processing block [3mblock[0m[2m=[0m85445816
[2m2025-09-28T01:12:24.556211Z[0m [32m INFO[0m [2mmonitor.block[0m[2m:[0m Fetched logs [3mblock[0m[2m=[0m85445816 [3mlogs[0m[2m=[0m0
[2m2025-09-28T01:12:26.172643Z[0m [32m INFO[0m [2mmonitor.block[0m[2m:[0m Processing block [3mblock[0m[2m=[0m85445817
[2m2025-09-28T01:12:26.447173Z[0m [32m INFO[0m [2mmonitor.block[0m[2m:[0m Fetched logs [3mblock[0m[2m=[0m85445817 [3mlogs[0m[2m=[0m0
[2m2025-09-28T01:12:28.243127Z[0m [32m INFO[0m [2mmonitor.block[0m[2m:[0m Processing block [3mblock[0m[2m=[0m85445818
[2m2025-09-28T01:12:28.517924Z[0m [32m INFO[0m [2mmonitor.block[0m[2m:[0m Fetched logs [3mblock[0m[2m=[0m85445818 [3mlogs[0m[2m=[0m0
[2m2025-09-28T01:12:30.190974Z[0m [32m INFO[0m [2mmonitor.block[0m[2m:[0m Processing block [3mblock[0m[2m=[0m85445819
[2m2025-09-28T01:12:30.470367Z[0m [32m INFO[0m [2mmonitor.block[0m[2m:[0m Fetched logs [3mblock[0m[2m=[0m85445819 [3mlogs[0m[2m=[0m0
[2m2025-09-28T01:12:32.238757Z[0m [32m INFO[0m [2mmonitor.block[0m[2m:[0m Processing block [3mblock[0m[2m=[0m85445820
[2m2025-09-28T01:12:32.544024Z[0m [32m INFO[0m [2mmonitor.block[0m[2m:[0m Fetched logs [3mblock[0m[2m=[0m85445820 [3mlogs[0m[2m=[0m0
[2m2025-09-28T01:12:34.182378Z[0m [32m INFO[0m [2mmonitor.block[0m[2m:[0m Processing block [3mblock[0m[2m=[0m85445821
[2m2025-09-28T01:12:34.489650Z[0m [32m INFO[0m [2mmonitor.block[0m[2m:[0m Fetched logs [3mblock[0m[2m=[0m85445821 [3mlogs[0m[2m=[0m0
[2m2025-09-28T01:12:39.082564Z[0m [32m INFO[0m [2mmonitor.block[0m[2m:[0m Processing block [3mblock[0m[2m=[0m85445822
[2m2025-09-28T01:12:43.218017Z[0m [32m INFO[0m [2mmonitor.block[0m[2m:[0m Fetched logs [3mblock[0m[2m=[0m85445822 [3mlogs[0m[2m=[0m0
[2m2025-09-28T01:12:43.218232Z[0m [32m INFO[0m [2mmonitor.block[0m[2m:[0m Processing block [3mblock[0m[2m=[0m85445823
[2m2025-09-28T01:12:43.589381Z[0m [32m INFO[0m [2mmonitor.block[0m[2m:[0m Fetched logs [3mblock[0m[2m=[0m85445823 [3mlogs[0m[2m=[0m0
[2m2025-09-28T01:12:43.905781Z[0m [32m INFO[0m [2mmonitor.block[0m[2m:[0m Processing block [3mblock[0m[2m=[0m85445824
[2m2025-09-28T01:12:44.315610Z[0m [32m INFO[0m [2mmonitor.block[0m[2m:[0m Fetched logs [3mblock[0m[2m=[0m85445824 [3mlogs[0m[2m=[0m0
[2m2025-09-28T01:12:44.315711Z[0m [32m INFO[0m [2mmonitor.block[0m[2m:[0m Processing block [3mblock[0m[2m=[0m85445825
[2m2025-09-28T01:12:44.592139Z[0m [32m INFO[0m [2mmonitor.block[0m[2m:[0m Fetched logs [3mblock[0m[2m=[0m85445825 [3mlogs[0m[2m=[0m0
[2m2025-09-28T01:12:44.846757Z[0m [32m INFO[0m [2mmonitor.block[0m[2m:[0m Processing block [3mblock[0m[2m=[0m85445826
[2m2025-09-28T01:12:45.119315Z[0m [32m INFO[0m [2mmonitor.block[0m[2m:[0m Fetched logs [3mblock[0m[2m=[0m85445826 [3mlogs[0m[2m=[0m0
[2m2025-09-28T01:12:53.029051Z[0m [32m INFO[0m [2mmonitor.block[0m[2m:[0m Processing block [3mblock[0m[2m=[0m85445827
[2m2025-09-28T01:12:53.333993Z[0m [32m INFO[0m [2mmonitor.block[0m[2m:[0m Fetched logs [3mblock[0m[2m=[0m85445827 [3mlogs[0m[2m=[0m0
[2m2025-09-28T01:12:53.334166Z[0m [32m INFO[0m [2mmonitor.block[0m[2m:[0m Processing block [3mblock[0m[2m=[0m85445828
[2m2025-09-28T01:12:53.609001Z[0m [31mERROR[0m [2mmonitor[0m[2m:[0m get_logs failed [3mblock[0m[2m=[0m85445828 [3merror[0m[2m=[0mErrorResp(ErrorPayload { code: -32000, message: "invalid block range params", data: None })
[2m2025-09-28T01:12:53.609189Z[0m [32m INFO[0m [2mmonitor.block[0m[2m:[0m Processing block [3mblock[0m[2m=[0m85445829
[2m2025-09-28T01:12:53.945888Z[0m [31mERROR[0m [2mmonitor[0m[2m:[0m get_logs failed [3mblock[0m[2m=[0m85445829 [3merror[0m[2m=[0mErrorResp(ErrorPayload { code: -32000, message: "invalid block range params", data: None })
[2m2025-09-28T01:12:53.945999Z[0m [32m INFO[0m [2mmonitor.block[0m[2m:[0m Processing block [3mblock[0m[2m=[0m85445830
[2m2025-09-28T01:12:54.220141Z[0m [32m INFO[0m [2mmonitor.block[0m[2m:[0m Fetched logs [3mblock[0m[2m=[0m85445830 [3mlogs[0m[2m=[0m0
[2m2025-09-28T01:13:03.881123Z[0m [32m INFO[0m [2mmonitor.block[0m[2m:[0m Processing block [3mblock[0m[2m=[0m85445831
[2m2025-09-28T01:13:04.247041Z[0m [32m INFO[0m [2mmonitor.block[0m[2m:[0m Fetched logs [3mblock[0m[2m=[0m85445831 [3mlogs[0m[2m=[0m0
[2m2025-09-28T01:13:04.247234Z[0m [32m INFO[0m [2mmonitor.block[0m[2m:[0m Processing block [3mblock[0m[2m=[0m85445832
[2m2025-09-28T01:13:04.698036Z[0m [32m INFO[0m [2mmonitor.block[0m[2m:[0m Fetched logs [3mblock[0m[2m=[0m85445832 [3mlogs[0m[2m=[0m0
[2m2025-09-28T01:13:04.698196Z[0m [32m INFO[0m [2mmonitor.block[0m[2m:[0m Processing block [3mblock[0m[2m=[0m85445833
[2m2025-09-28T01:13:05.110534Z[0m [31mERROR[0m [2mmonitor[0m[2m:[0m get_logs failed [3mblock[0m[2m=[0m85445833 [3merror[0m[2m=[0mErrorResp(ErrorPayload { code: -32000, message: "invalid block range params", data: None })
[2m2025-09-28T01:13:05.110711Z[0m [32m INFO[0m [2mmonitor.block[0m[2m:[0m Processing block [3mblock[0m[2m=[0m85445834
[2m2025-09-28T01:13:05.415800Z[0m [32m INFO[0m [2mmonitor.block[0m[2m:[0m Fetched logs [3mblock[0m[2m=[0m85445834 [3mlogs[0m[2m=[0m0
[2m2025-09-28T01:13:05.416037Z[0m [32m INFO[0m [2mmonitor.block[0m[2m:[0m Processing block [3mblock[0m[2m=[0m85445835
[2m2025-09-28T01:13:05.722886Z[0m [32m INFO[0m [2mmonitor.block[0m[2m:[0m Fetched logs [3mblock[0m[2m=[0m85445835 [3mlogs[0m[2m=[0m0
[2m2025-09-28T01:13:05.723054Z[0m [32m INFO[0m [2mmonitor.block[0m[2m:[0m Processing block [3mblock[0m[2m=[0m85445836
[2m2025-09-28T01:13:05.998012Z[0m [32m INFO[0m [2mmonitor.block[0m[2m:[0m Fetched logs [3mblock[0m[2m=[0m85445836 [3mlogs[0m[2m=[0m1
[2m2025-09-28T01:13:05.998643Z[0m [32m INFO[0m [2mmonitor.pool[0m[2m:[0m Applied [3maddress[0m[2m=[0m0x36a7aff497eef6a9cd7d0e7bc243793fcb3e57e2 [3mevent[0m[2m=[0m"Swap" [3mamount0[0m[2m=[0m-61566488 [3mamount1[0m[2m=[0m61587709996905489657 [3mtick_from[0m[2m=[0m276326 [3mtick_to[0m[2m=[0m276326 [3msqrt_from[0m[2m=[0m79237841582051139572142520739705071 [3msqrt_to[0m[2m=[0m79237865734285369474359849656265162 [3mliq_from[0m[2m=[0m202010012902492125934 [3mliq_to[0m[2m=[0m202010012902492125934
[2m2025-09-28T01:13:14.624086Z[0m [32m INFO[0m [2mmonitor.block[0m[2m:[0m Processing block [3mblock[0m[2m=[0m85445837
[2m2025-09-28T01:13:14.901425Z[0m [32m INFO[0m [2mmonitor.block[0m[2m:[0m Fetched logs [3mblock[0m[2m=[0m85445837 [3mlogs[0m[2m=[0m0
[2m2025-09-28T01:13:14.901625Z[0m [32m INFO[0m [2mmonitor.block[0m[2m:[0m Processing block [3mblock[0m[2m=[0m85445838
[2m2025-09-28T01:13:15.173958Z[0m [31mERROR[0m [2mmonitor[0m[2m:[0m get_logs failed [3mblock[0m[2m=[0m85445838 [3merror[0m[2m=[0mErrorResp(ErrorPayload { code: -32000, message: "invalid block range params", data: None })
[2m2025-09-28T01:13:15.174066Z[0m [32m INFO[0m [2mmonitor.block[0m[2m:[0m Processing block [3mblock[0m[2m=[0m85445839
[2m2025-09-28T01:13:15.552838Z[0m [31mERROR[0m [2mmonitor[0m[2m:[0m get_logs failed [3mblock[0m[2m=[0m85445839 [3merror[0m[2m=[0mErrorResp(ErrorPayload { code: -32000, message: "invalid block range params", data: None })
[2m2025-09-28T01:13:15.552945Z[0m [32m INFO[0m [2mmonitor.block[0m[2m:[0m Processing block [3mblock[0m[2m=[0m85445840
[2m2025-09-28T01:13:15.837491Z[0m [32m INFO[0m [2mmonitor.block[0m[2m:[0m Fetched logs [3mblock[0m[2m=[0m85445840 [3mlogs[0m[2m=[0m0
[2m2025-09-28T01:13:15.837679Z[0m [32m INFO[0m [2mmonitor.block[0m[2m:[0m Processing block [3mblock[0m[2m=[0m85445841
[2m2025-09-28T01:13:16.114537Z[0m [32m INFO[0m [2mmonitor.block[0m[2m:[0m Fetched logs [3mblock[0m[2m=[0m85445841 [3mlogs[0m[2m=[0m0
[2m2025-09-28T01:13:16.344322Z[0m [32m INFO[0m [2mmonitor.block[0m[2m:[0m Processing block [3mblock[0m[2m=[0m85445842
[2m2025-09-28T01:13:16.679063Z[0m [32m INFO[0m [2mmonitor.block[0m[2m:[0m Fetched logs [3mblock[0m[2m=[0m85445842 [3mlogs[0m[2m=[0m0
[2m2025-09-28T01:13:18.167488Z[0m [32m INFO[0m [2mmonitor.block[0m[2m:[0m Processing block [3mblock[0m[2m=[0m85445843
[2m2025-09-28T01:13:18.442814Z[0m [32m INFO[0m [2mmonitor.block[0m[2m:[0m Fetched logs [3mblock[0m[2m=[0m85445843 [3mlogs[0m[2m=[0m0
[2m2025-09-28T01:13:20.186959Z[0m [32m INFO[0m [2mmonitor.block[0m[2m:[0m Processing block [3mblock[0m[2m=[0m85445844
[2m2025-09-28T01:13:20.500507Z[0m [32m INFO[0m [2mmonitor.block[0m[2m:[0m Fetched logs [3mblock[0m[2m=[0m85445844 [3mlogs[0m[2m=[0m0
[2m2025-09-28T01:13:22.175179Z[0m [32m INFO[0m [2mmonitor.block[0m[2m:[0m Processing block [3mblock[0m[2m=[0m85445845
[2m2025-09-28T01:13:22.518588Z[0m [32m INFO[0m [2mmonitor.block[0m[2m:[0m Fetched logs [3mblock[0m[2m=[0m85445845 [3mlogs[0m[2m=[0m0
[2m2025-09-28T01:13:24.257842Z[0m [32m INFO[0m [2mmonitor.block[0m[2m:[0m Processing block [3mblock[0m[2m=[0m85445846
[2m2025-09-28T01:13:24.570791Z[0m [32m INFO[0m [2mmonitor.block[0m[2m:[0m Fetched logs [3mblock[0m[2m=[0m85445846 [3mlogs[0m[2m=[0m2
[2m2025-09-28T01:13:24.572033Z[0m [32m INFO[0m [2mmonitor.pool[0m[2m:[0m Applied [3maddress[0m[2m=[0m0x36a7aff497eef6a9cd7d0e7bc243793fcb3e57e2 [3mevent[0m[2m=[0m"Swap" [3mamount0[0m[2m=[0m219973045 [3mamount1[0m[2m=[0m-220004686351325555206 [3mtick_from[0m[2m=[0m276326 [3mtick_to[0m[2m=[0m276326 [3msqrt_from[0m[2m=[0m79237865734285369474359849656265162 [3msqrt_to[0m[2m=[0m79237779448626586035216924797398709 [3mliq_from[0m[2m=[0m202010012902492125934 [3mliq_to[0m[2m=[0m202010012902492125934
[2m2025-09-28T01:13:24.572703Z[0m [32m INFO[0m [2mmonitor.pool[0m[2m:[0m Applied [3maddress[0m[2m=[0m0xbcf99c834e65e8a58090e20edc058279317865bd [3mevent[0m[2m=[0m"Swap" [3mamount0[0m[2m=[0m-220065673 [3mamount1[0m[2m=[0m220004686351325555206 [3mtick_from[0m[2m=[0m276320 [3mtick_to[0m[2m=[0m276320 [3msqrt_from[0m[2m=[0m79213184340840026879849875252918794 [3msqrt_to[0m[2m=[0m79213260614251425420715645055807538 [3mliq_from[0m[2m=[0m228504581975096749067 [3mliq_to[0m[2m=[0m228504581975096749067
[2m2025-09-28T01:13:26.165216Z[0m [32m INFO[0m [2mmonitor.block[0m[2m:[0m Processing block [3mblock[0m[2m=[0m85445847
[2m2025-09-28T01:13:26.453639Z[0m [32m INFO[0m [2mmonitor.block[0m[2m:[0m Fetched logs [3mblock[0m[2m=[0m85445847 [3mlogs[0m[2m=[0m0
[2m2025-09-28T01:13:28.250632Z[0m [32m INFO[0m [2mmonitor.block[0m[2m:[0m Processing block [3mblock[0m[2m=[0m85445848
[2m2025-09-28T01:13:28.558633Z[0m [32m INFO[0m [2mmonitor.block[0m[2m:[0m Fetched logs [3mblock[0m[2m=[0m85445848 [3mlogs[0m[2m=[0m0
[2m2025-09-28T01:13:30.196956Z[0m [32m INFO[0m [2mmonitor.block[0m[2m:[0m Processing block [3mblock[0m[2m=[0m85445849
[2m2025-09-28T01:13:30.504107Z[0m [32m INFO[0m [2mmonitor.block[0m[2m:[0m Fetched logs [3mblock[0m[2m=[0m85445849 [3mlogs[0m[2m=[0m1
[2m2025-09-28T01:13:30.504645Z[0m [32m INFO[0m [2mmonitor.pool[0m[2m:[0m Applied [3maddress[0m[2m=[0m0x36a7aff497eef6a9cd7d0e7bc243793fcb3e57e2 [3mevent[0m[2m=[0m"Swap" [3mamount0[0m[2m=[0m-61561016 [3mamount1[0m[2m=[0m61582139739576751209 [3mtick_from[0m[2m=[0m276326 [3mtick_to[0m[2m=[0m276326 [3msqrt_from[0m[2m=[0m79237779448626586035216924797398709 [3msqrt_to[0m[2m=[0m79237803598676384015362785243304486 [3mliq_from[0m[2m=[0m202010012902492125934 [3mliq_to[0m[2m=[0m202010012902492125934
[2m2025-09-28T01:13:32.170511Z[0m [32m INFO[0m [2mmonitor.block[0m[2m:[0m Processing block [3mblock[0m[2m=[0m85445850
[2m2025-09-28T01:13:32.551263Z[0m [32m INFO[0m [2mmonitor.block[0m[2m:[0m Fetched logs [3mblock[0m[2m=[0m85445850 [3mlogs[0m[2m=[0m0
[2m2025-09-28T01:13:34.190125Z[0m [32m INFO[0m [2mmonitor.block[0m[2m:[0m Processing block [3mblock[0m[2m=[0m85445851
[2m2025-09-28T01:13:34.497703Z[0m [32m INFO[0m [2mmonitor.block[0m[2m:[0m Fetched logs [3mblock[0m[2m=[0m85445851 [3mlogs[0m[2m=[0m1
[2m2025-09-28T01:13:34.498769Z[0m [32m INFO[0m [2mmonitor.pool[0m[2m:[0m Applied [3maddress[0m[2m=[0m0x36a7aff497eef6a9cd7d0e7bc243793fcb3e57e2 [3mevent[0m[2m=[0m"Swap" [3mamount0[0m[2m=[0m-61549845 [3mamount1[0m[2m=[0m61571001491771193758 [3mtick_from[0m[2m=[0m276326 [3mtick_to[0m[2m=[0m276326 [3msqrt_from[0m[2m=[0m79237803598676384015362785243304486 [3msqrt_to[0m[2m=[0m79237827744358207119936317022895451 [3mliq_from[0m[2m=[0m202010012902492125934 [3mliq_to[0m[2m=[0m202010012902492125934
[2m2025-09-28T01:13:36.167326Z[0m [32m INFO[0m [2mmonitor.block[0m[2m:[0m Processing block [3mblock[0m[2m=[0m85445852
[2m2025-09-28T01:13:36.442742Z[0m [32m INFO[0m [2mmonitor.block[0m[2m:[0m Fetched logs [3mblock[0m[2m=[0m85445852 [3mlogs[0m[2m=[0m0
[2m2025-09-28T01:13:38.166534Z[0m [32m INFO[0m [2mmonitor.block[0m[2m:[0m Processing block [3mblock[0m[2m=[0m85445853
[2m2025-09-28T01:13:39.352363Z[0m [32m INFO[0m [2mmonitor.block[0m[2m:[0m Fetched logs [3mblock[0m[2m=[0m85445853 [3mlogs[0m[2m=[0m0
[2m2025-09-28T01:13:40.166809Z[0m [32m INFO[0m [2mmonitor.block[0m[2m:[0m Processing block [3mblock[0m[2m=[0m85445854
[2m2025-09-28T01:13:40.539253Z[0m [32m INFO[0m [2mmonitor.block[0m[2m:[0m Fetched logs [3mblock[0m[2m=[0m85445854 [3mlogs[0m[2m=[0m0
[2m2025-09-28T01:13:42.165808Z[0m [32m INFO[0m [2mmonitor.block[0m[2m:[0m Processing block [3mblock[0m[2m=[0m85445855
[2m2025-09-28T01:13:42.498824Z[0m [32m INFO[0m [2mmonitor.block[0m[2m:[0m Fetched logs [3mblock[0m[2m=[0m85445855 [3mlogs[0m[2m=[0m0
[2m2025-09-28T01:13:44.165809Z[0m [32m INFO[0m [2mmonitor.block[0m[2m:[0m Processing block [3mblock[0m[2m=[0m85445856
[2m2025-09-28T01:13:44.514199Z[0m [32m INFO[0m [2mmonitor.block[0m[2m:[0m Fetched logs [3mblock[0m[2m=[0m85445856 [3mlogs[0m[2m=[0m0
[2m2025-09-28T01:13:46.204063Z[0m [32m INFO[0m [2mmonitor.block[0m[2m:[0m Processing block [3mblock[0m[2m=[0m85445857
[2m2025-09-28T01:13:46.484553Z[0m [32m INFO[0m [2mmonitor.block[0m[2m:[0m Fetched logs [3mblock[0m[2m=[0m85445857 [3mlogs[0m[2m=[0m0
[2m2025-09-28T01:13:48.199511Z[0m [32m INFO[0m [2mmonitor.block[0m[2m:[0m Processing block [3mblock[0m[2m=[0m85445858
[2m2025-09-28T01:13:48.474386Z[0m [32m INFO[0m [2mmonitor.block[0m[2m:[0m Fetched logs [3mblock[0m[2m=[0m85445858 [3mlogs[0m[2m=[0m0
[2m2025-09-28T01:13:50.170969Z[0m [32m INFO[0m [2mmonitor.block[0m[2m:[0m Processing block [3mblock[0m[2m=[0m85445859
[2m2025-09-28T01:13:50.447093Z[0m [32m INFO[0m [2mmonitor.block[0m[2m:[0m Fetched logs [3mblock[0m[2m=[0m85445859 [3mlogs[0m[2m=[0m0
[2m2025-09-28T01:13:52.172423Z[0m [32m INFO[0m [2mmonitor.block[0m[2m:[0m Processing block [3mblock[0m[2m=[0m85445860
[2m2025-09-28T01:13:52.520164Z[0m [32m INFO[0m [2mmonitor.block[0m[2m:[0m Fetched logs [3mblock[0m[2m=[0m85445860 [3mlogs[0m[2m=[0m0
[2m2025-09-28T01:13:54.173202Z[0m [32m INFO[0m [2mmonitor.block[0m[2m:[0m Processing block [3mblock[0m[2m=[0m85445861
[2m2025-09-28T01:13:54.465614Z[0m [32m INFO[0m [2mmonitor.block[0m[2m:[0m Fetched logs [3mblock[0m[2m=[0m85445861 [3mlogs[0m[2m=[0m0
[2m2025-09-28T01:13:56.207304Z[0m [32m INFO[0m [2mmonitor.block[0m[2m:[0m Processing block [3mblock[0m[2m=[0m85445862
[2m2025-09-28T01:13:56.485523Z[0m [32m INFO[0m [2mmonitor.block[0m[2m:[0m Fetched logs [3mblock[0m[2m=[0m85445862 [3mlogs[0m[2m=[0m0
[2m2025-09-28T01:13:58.255468Z[0m [32m INFO[0m [2mmonitor.block[0m[2m:[0m Processing block [3mblock[0m[2m=[0m85445863
[2m2025-09-28T01:13:58.561643Z[0m [32m INFO[0m [2mmonitor.block[0m[2m:[0m Fetched logs [3mblock[0m[2m=[0m85445863 [3mlogs[0m[2m=[0m1
[2m2025-09-28T01:13:58.562420Z[0m [32m INFO[0m [2mmonitor.pool[0m[2m:[0m Applied [3maddress[0m[2m=[0m0x36a7aff497eef6a9cd7d0e7bc243793fcb3e57e2 [3mevent[0m[2m=[0m"Swap" [3mamount0[0m[2m=[0m-61544241 [3mamount1[0m[2m=[0m61565433501021048784 [3mtick_from[0m[2m=[0m276326 [3mtick_to[0m[2m=[0m276326 [3msqrt_from[0m[2m=[0m79237827744358207119936317022895451 [3msqrt_to[0m[2m=[0m79237851887856487163821485004858984 [3mliq_from[0m[2m=[0m202010012902492125934 [3mliq_to[0m[2m=[0m202010012902492125934
[2m2025-09-28T01:14:00.167313Z[0m [32m INFO[0m [2mmonitor.block[0m[2m:[0m Processing block [3mblock[0m[2m=[0m85445864
[2m2025-09-28T01:14:00.507380Z[0m [32m INFO[0m [2mmonitor.block[0m[2m:[0m Fetched logs [3mblock[0m[2m=[0m85445864 [3mlogs[0m[2m=[0m0
[2m2025-09-28T01:14:02.165981Z[0m [32m INFO[0m [2mmonitor.block[0m[2m:[0m Processing block [3mblock[0m[2m=[0m85445865
[2m2025-09-28T01:14:02.442318Z[0m [32m INFO[0m [2mmonitor.block[0m[2m:[0m Fetched logs [3mblock[0m[2m=[0m85445865 [3mlogs[0m[2m=[0m0
[2m2025-09-28T01:14:04.169182Z[0m [32m INFO[0m [2mmonitor.block[0m[2m:[0m Processing block [3mblock[0m[2m=[0m85445866
[2m2025-09-28T01:14:04.444650Z[0m [32m INFO[0m [2mmonitor.block[0m[2m:[0m Fetched logs [3mblock[0m[2m=[0m85445866 [3mlogs[0m[2m=[0m0
[2m2025-09-28T01:14:06.172742Z[0m [32m INFO[0m [2mmonitor.block[0m[2m:[0m Processing block [3mblock[0m[2m=[0m85445867
[2m2025-09-28T01:14:06.446545Z[0m [32m INFO[0m [2mmonitor.block[0m[2m:[0m Fetched logs [3mblock[0m[2m=[0m85445867 [3mlogs[0m[2m=[0m1
[2m2025-09-28T01:14:06.447258Z[0m [32m INFO[0m [2mmonitor.pool[0m[2m:[0m Applied [3maddress[0m[2m=[0m0x36a7aff497eef6a9cd7d0e7bc243793fcb3e57e2 [3mevent[0m[2m=[0m"Swap" [3mamount0[0m[2m=[0m-61533074 [3mamount1[0m[2m=[0m61554299785142943108 [3mtick_from[0m[2m=[0m276326 [3mtick_to[0m[2m=[0m276326 [3msqrt_from[0m[2m=[0m79237851887856487163821485004858984 [3msqrt_to[0m[2m=[0m79237876026988569572647629223502767 [3mliq_from[0m[2m=[0m202010012902492125934 [3mliq_to[0m[2m=[0m202010012902492125934
[2m2025-09-28T01:14:08.168517Z[0m [32m INFO[0m [2mmonitor.block[0m[2m:[0m Processing block [3mblock[0m[2m=[0m85445868
[2m2025-09-28T01:14:08.446478Z[0m [32m INFO[0m [2mmonitor.block[0m[2m:[0m Fetched logs [3mblock[0m[2m=[0m85445868 [3mlogs[0m[2m=[0m0
[2m2025-09-28T01:14:10.167677Z[0m [32m INFO[0m [2mmonitor.block[0m[2m:[0m Processing block [3mblock[0m[2m=[0m85445869
[2m2025-09-28T01:14:10.446463Z[0m [32m INFO[0m [2mmonitor.block[0m[2m:[0m Fetched logs [3mblock[0m[2m=[0m85445869 [3mlogs[0m[2m=[0m0
[2m2025-09-28T01:14:12.167541Z[0m [32m INFO[0m [2mmonitor.block[0m[2m:[0m Processing block [3mblock[0m[2m=[0m85445870
[2m2025-09-28T01:14:12.488227Z[0m [32m INFO[0m [2mmonitor.block[0m[2m:[0m Fetched logs [3mblock[0m[2m=[0m85445870 [3mlogs[0m[2m=[0m0
[2m2025-09-28T01:14:14.230884Z[0m [32m INFO[0m [2mmonitor.block[0m[2m:[0m Processing block [3mblock[0m[2m=[0m85445871
[2m2025-09-28T01:14:14.512609Z[0m [32m INFO[0m [2mmonitor.block[0m[2m:[0m Fetched logs [3mblock[0m[2m=[0m85445871 [3mlogs[0m[2m=[0m0
[2m2025-09-28T01:14:16.278414Z[0m [32m INFO[0m [2mmonitor.block[0m[2m:[0m Processing block [3mblock[0m[2m=[0m85445872
[2m2025-09-28T01:14:16.556380Z[0m [32m INFO[0m [2mmonitor.block[0m[2m:[0m Fetched logs [3mblock[0m[2m=[0m85445872 [3mlogs[0m[2m=[0m0
[2m2025-09-28T01:14:18.169609Z[0m [32m INFO[0m [2mmonitor.block[0m[2m:[0m Processing block [3mblock[0m[2m=[0m85445873
[2m2025-09-28T01:14:18.530982Z[0m [32m INFO[0m [2mmonitor.block[0m[2m:[0m Fetched logs [3mblock[0m[2m=[0m85445873 [3mlogs[0m[2m=[0m0
[2m2025-09-28T01:14:20.174927Z[0m [32m INFO[0m [2mmonitor.block[0m[2m:[0m Processing block [3mblock[0m[2m=[0m85445874
[2m2025-09-28T01:14:20.477759Z[0m [32m INFO[0m [2mmonitor.block[0m[2m:[0m Fetched logs [3mblock[0m[2m=[0m85445874 [3mlogs[0m[2m=[0m0
[2m2025-09-28T01:14:22.177109Z[0m [32m INFO[0m [2mmonitor.block[0m[2m:[0m Processing block [3mblock[0m[2m=[0m85445875
[2m2025-09-28T01:14:22.523757Z[0m [32m INFO[0m [2mmonitor.block[0m[2m:[0m Fetched logs [3mblock[0m[2m=[0m85445875 [3mlogs[0m[2m=[0m0
[2m2025-09-28T01:14:24.168187Z[0m [32m INFO[0m [2mmonitor.block[0m[2m:[0m Processing block [3mblock[0m[2m=[0m85445876
[2m2025-09-28T01:14:24.469273Z[0m [32m INFO[0m [2mmonitor.block[0m[2m:[0m Fetched logs [3mblock[0m[2m=[0m85445876 [3mlogs[0m[2m=[0m0
[2m2025-09-28T01:14:26.210611Z[0m [32m INFO[0m [2mmonitor.block[0m[2m:[0m Processing block [3mblock[0m[2m=[0m85445877
[2m2025-09-28T01:14:26.488733Z[0m [32m INFO[0m [2mmonitor.block[0m[2m:[0m Fetched logs [3mblock[0m[2m=[0m85445877 [3mlogs[0m[2m=[0m0
[2m2025-09-28T01:14:28.258352Z[0m [32m INFO[0m [2mmonitor.block[0m[2m:[0m Processing block [3mblock[0m[2m=[0m85445878
[2m2025-09-28T01:14:28.565664Z[0m [32m INFO[0m [2mmonitor.block[0m[2m:[0m Fetched logs [3mblock[0m[2m=[0m85445878 [3mlogs[0m[2m=[0m1
[2m2025-09-28T01:14:28.566422Z[0m [32m INFO[0m [2mmonitor.pool[0m[2m:[0m Applied [3maddress[0m[2m=[0m0x95d39c45668d59141dc5bcc940e6c191f1ebb98c [3mevent[0m[2m=[0m"Swap" [3mamount0[0m[2m=[0m-1507931899143916054247 [3mamount1[0m[2m=[0m350000000000000000 [3mtick_from[0m[2m=[0m-83714 [3mtick_to[0m[2m=[0m-83712 [3msqrt_from[0m[2m=[0m1205487685089478754833441258 [3msqrt_to[0m[2m=[0m1205578820171262154025437772 [3mliq_from[0m[2m=[0m303511355852330738871716 [3mliq_to[0m[2m=[0m303511355852330738871716
[2m2025-09-28T01:14:30.164844Z[0m [32m INFO[0m [2mmonitor.block[0m[2m:[0m Processing block [3mblock[0m[2m=[0m85445879
[2m2025-09-28T01:14:30.445948Z[0m [32m INFO[0m [2mmonitor.block[0m[2m:[0m Fetched logs [3mblock[0m[2m=[0m85445879 [3mlogs[0m[2m=[0m0
[2m2025-09-28T01:14:32.164477Z[0m [32m INFO[0m [2mmonitor.block[0m[2m:[0m Processing block [3mblock[0m[2m=[0m85445880
[2m2025-09-28T01:14:32.445822Z[0m [32m INFO[0m [2mmonitor.block[0m[2m:[0m Fetched logs [3mblock[0m[2m=[0m85445880 [3mlogs[0m[2m=[0m0
[2m2025-09-28T01:14:34.169573Z[0m [32m INFO[0m [2mmonitor.block[0m[2m:[0m Processing block [3mblock[0m[2m=[0m85445881
[2m2025-09-28T01:14:34.445612Z[0m [32m INFO[0m [2mmonitor.block[0m[2m:[0m Fetched logs [3mblock[0m[2m=[0m85445881 [3mlogs[0m[2m=[0m0
[2m2025-09-28T01:14:36.248227Z[0m [32m INFO[0m [2mmonitor.block[0m[2m:[0m Processing block [3mblock[0m[2m=[0m85445882
[2m2025-09-28T01:14:36.553156Z[0m [32m INFO[0m [2mmonitor.block[0m[2m:[0m Fetched logs [3mblock[0m[2m=[0m85445882 [3mlogs[0m[2m=[0m0
[2m2025-09-28T01:14:38.167596Z[0m [32m INFO[0m [2mmonitor.block[0m[2m:[0m Processing block [3mblock[0m[2m=[0m85445883
[2m2025-09-28T01:14:38.498645Z[0m [32m INFO[0m [2mmonitor.block[0m[2m:[0m Fetched logs [3mblock[0m[2m=[0m85445883 [3mlogs[0m[2m=[0m0
[2m2025-09-28T01:14:40.240171Z[0m [32m INFO[0m [2mmonitor.block[0m[2m:[0m Processing block [3mblock[0m[2m=[0m85445884
[2m2025-09-28T01:14:40.547344Z[0m [32m INFO[0m [2mmonitor.block[0m[2m:[0m Fetched logs [3mblock[0m[2m=[0m85445884 [3mlogs[0m[2m=[0m0
[2m2025-09-28T01:14:42.168621Z[0m [32m INFO[0m [2mmonitor.block[0m[2m:[0m Processing block [3mblock[0m[2m=[0m85445885
[2m2025-09-28T01:14:42.446104Z[0m [32m INFO[0m [2mmonitor.block[0m[2m:[0m Fetched logs [3mblock[0m[2m=[0m85445885 [3mlogs[0m[2m=[0m0
[2m2025-09-28T01:14:44.165856Z[0m [32m INFO[0m [2mmonitor.block[0m[2m:[0m Processing block [3mblock[0m[2m=[0m85445886
[2m2025-09-28T01:14:44.452912Z[0m [32m INFO[0m [2mmonitor.block[0m[2m:[0m Fetched logs [3mblock[0m[2m=[0m85445886 [3mlogs[0m[2m=[0m1
[2m2025-09-28T01:14:44.453648Z[0m [32m INFO[0m [2mmonitor.pool[0m[2m:[0m Applied [3maddress[0m[2m=[0m0x95d39c45668d59141dc5bcc940e6c191f1ebb98c [3mevent[0m[2m=[0m"Swap" [3mamount0[0m[2m=[0m-3445845533728392826505 [3mamount1[0m[2m=[0m800000000000000000 [3mtick_from[0m[2m=[0m-83712 [3mtick_to[0m[2m=[0m-83709 [3msqrt_from[0m[2m=[0m1205578820171262154025437772 [3msqrt_to[0m[2m=[0m1205787128929624209321429804 [3mliq_from[0m[2m=[0m303511355852330738871716 [3mliq_to[0m[2m=[0m303511355852330738871716
[2m2025-09-28T01:14:46.175057Z[0m [32m INFO[0m [2mmonitor.block[0m[2m:[0m Processing block [3mblock[0m[2m=[0m85445887
[2m2025-09-28T01:14:46.458004Z[0m [32m INFO[0m [2mmonitor.block[0m[2m:[0m Fetched logs [3mblock[0m[2m=[0m85445887 [3mlogs[0m[2m=[0m0
[2m2025-09-28T01:14:48.227002Z[0m [32m INFO[0m [2mmonitor.block[0m[2m:[0m Processing block [3mblock[0m[2m=[0m85445888
[2m2025-09-28T01:14:48.636509Z[0m [32m INFO[0m [2mmonitor.block[0m[2m:[0m Fetched logs [3mblock[0m[2m=[0m85445888 [3mlogs[0m[2m=[0m0
[2m2025-09-28T01:14:50.167411Z[0m [32m INFO[0m [2mmonitor.block[0m[2m:[0m Processing block [3mblock[0m[2m=[0m85445889
[2m2025-09-28T01:14:50.464236Z[0m [32m INFO[0m [2mmonitor.block[0m[2m:[0m Fetched logs [3mblock[0m[2m=[0m85445889 [3mlogs[0m[2m=[0m0
[2m2025-09-28T01:14:52.171206Z[0m [32m INFO[0m [2mmonitor.block[0m[2m:[0m Processing block [3mblock[0m[2m=[0m85445890
[2m2025-09-28T01:14:52.528143Z[0m [32m INFO[0m [2mmonitor.block[0m[2m:[0m Fetched logs [3mblock[0m[2m=[0m85445890 [3mlogs[0m[2m=[0m0
[2m2025-09-28T01:14:54.167716Z[0m [32m INFO[0m [2mmonitor.block[0m[2m:[0m Processing block [3mblock[0m[2m=[0m85445891
[2m2025-09-28T01:14:54.575268Z[0m [32m INFO[0m [2mmonitor.block[0m[2m:[0m Fetched logs [3mblock[0m[2m=[0m85445891 [3mlogs[0m[2m=[0m0
[2m2025-09-28T01:14:56.214275Z[0m [32m INFO[0m [2mmonitor.block[0m[2m:[0m Processing block [3mblock[0m[2m=[0m85445892
[2m2025-09-28T01:14:56.491671Z[0m [32m INFO[0m [2mmonitor.block[0m[2m:[0m Fetched logs [3mblock[0m[2m=[0m85445892 [3mlogs[0m[2m=[0m0
[2m2025-09-28T01:14:58.262854Z[0m [32m INFO[0m [2mmonitor.block[0m[2m:[0m Processing block [3mblock[0m[2m=[0m85445893
[2m2025-09-28T01:14:58.540436Z[0m [32m INFO[0m [2mmonitor.block[0m[2m:[0m Fetched logs [3mblock[0m[2m=[0m85445893 [3mlogs[0m[2m=[0m0
[2m2025-09-28T01:15:00.174031Z[0m [32m INFO[0m [2mmonitor.block[0m[2m:[0m Processing block [3mblock[0m[2m=[0m85445894
[2m2025-09-28T01:15:00.473030Z[0m [32m INFO[0m [2mmonitor.block[0m[2m:[0m Fetched logs [3mblock[0m[2m=[0m85445894 [3mlogs[0m[2m=[0m0
[2m2025-09-28T01:15:02.167767Z[0m [32m INFO[0m [2mmonitor.block[0m[2m:[0m Processing block [3mblock[0m[2m=[0m85445895
[2m2025-09-28T01:15:02.468691Z[0m [32m INFO[0m [2mmonitor.block[0m[2m:[0m Fetched logs [3mblock[0m[2m=[0m85445895 [3mlogs[0m[2m=[0m1
[2m2025-09-28T01:15:02.469614Z[0m [32m INFO[0m [2mmonitor.pool[0m[2m:[0m Applied [3maddress[0m[2m=[0m0xbcf99c834e65e8a58090e20edc058279317865bd [3mevent[0m[2m=[0m"Swap" [3mamount0[0m[2m=[0m-500137028 [3mamount1[0m[2m=[0m500000000000000000000 [3mtick_from[0m[2m=[0m276320 [3mtick_to[0m[2m=[0m276320 [3msqrt_from[0m[2m=[0m79213260614251425420715645055807538 [3msqrt_to[0m[2m=[0m79213433959221170155676186979319813 [3mliq_from[0m[2m=[0m228504581975096749067 [3mliq_to[0m[2m=[0m228504581975096749067
[2m2025-09-28T01:15:04.202091Z[0m [32m INFO[0m [2mmonitor.block[0m[2m:[0m Processing block [3mblock[0m[2m=[0m85445896
[2m2025-09-28T01:15:04.508663Z[0m [32m INFO[0m [2mmonitor.block[0m[2m:[0m Fetched logs [3mblock[0m[2m=[0m85445896 [3mlogs[0m[2m=[0m0
[2m2025-09-28T01:15:06.250751Z[0m [32m INFO[0m [2mmonitor.block[0m[2m:[0m Processing block [3mblock[0m[2m=[0m85445897
[2m2025-09-28T01:15:06.556738Z[0m [32m INFO[0m [2mmonitor.block[0m[2m:[0m Fetched logs [3mblock[0m[2m=[0m85445897 [3mlogs[0m[2m=[0m0
[2m2025-09-28T01:15:08.201118Z[0m [32m INFO[0m [2mmonitor.block[0m[2m:[0m Processing block [3mblock[0m[2m=[0m85445898
[2m2025-09-28T01:15:08.480862Z[0m [32m INFO[0m [2mmonitor.block[0m[2m:[0m Fetched logs [3mblock[0m[2m=[0m85445898 [3mlogs[0m[2m=[0m0
[2m2025-09-28T01:15:10.166557Z[0m [32m INFO[0m [2mmonitor.block[0m[2m:[0m Processing block [3mblock[0m[2m=[0m85445899
[2m2025-09-28T01:15:10.550228Z[0m [32m INFO[0m [2mmonitor.block[0m[2m:[0m Fetched logs [3mblock[0m[2m=[0m85445899 [3mlogs[0m[2m=[0m0
[2m2025-09-28T01:15:12.167122Z[0m [32m INFO[0m [2mmonitor.block[0m[2m:[0m Processing block [3mblock[0m[2m=[0m85445900
[2m2025-09-28T01:15:12.471725Z[0m [32m INFO[0m [2mmonitor.block[0m[2m:[0m Fetched logs [3mblock[0m[2m=[0m85445900 [3mlogs[0m[2m=[0m0
[2m2025-09-28T01:15:14.166412Z[0m [32m INFO[0m [2mmonitor.block[0m[2m:[0m Processing block [3mblock[0m[2m=[0m85445901
[2m2025-09-28T01:15:14.465187Z[0m [32m INFO[0m [2mmonitor.block[0m[2m:[0m Fetched logs [3mblock[0m[2m=[0m85445901 [3mlogs[0m[2m=[0m0
[2m2025-09-28T01:15:16.184290Z[0m [32m INFO[0m [2mmonitor.block[0m[2m:[0m Processing block [3mblock[0m[2m=[0m85445902
[2m2025-09-28T01:15:16.489430Z[0m [32m INFO[0m [2mmonitor.block[0m[2m:[0m Fetched logs [3mblock[0m[2m=[0m85445902 [3mlogs[0m[2m=[0m0
[2m2025-09-28T01:15:18.232772Z[0m [32m INFO[0m [2mmonitor.block[0m[2m:[0m Processing block [3mblock[0m[2m=[0m85445903
[2m2025-09-28T01:15:18.537976Z[0m [32m INFO[0m [2mmonitor.block[0m[2m:[0m Fetched logs [3mblock[0m[2m=[0m85445903 [3mlogs[0m[2m=[0m0
[2m2025-09-28T01:15:20.182568Z[0m [32m INFO[0m [2mmonitor.block[0m[2m:[0m Processing block [3mblock[0m[2m=[0m85445904
[2m2025-09-28T01:15:20.471700Z[0m [32m INFO[0m [2mmonitor.block[0m[2m:[0m Fetched logs [3mblock[0m[2m=[0m85445904 [3mlogs[0m[2m=[0m0
[2m2025-09-28T01:15:22.165817Z[0m [32m INFO[0m [2mmonitor.block[0m[2m:[0m Processing block [3mblock[0m[2m=[0m85445905
[2m2025-09-28T01:15:22.532500Z[0m [32m INFO[0m [2mmonitor.block[0m[2m:[0m Fetched logs [3mblock[0m[2m=[0m85445905 [3mlogs[0m[2m=[0m2
[2m2025-09-28T01:15:22.533714Z[0m [32m INFO[0m [2mmonitor.pool[0m[2m:[0m Applied [3maddress[0m[2m=[0m0x36a7aff497eef6a9cd7d0e7bc243793fcb3e57e2 [3mevent[0m[2m=[0m"Swap" [3mamount0[0m[2m=[0m219933677 [3mamount1[0m[2m=[0m-219965369939834571157 [3mtick_from[0m[2m=[0m276326 [3mtick_to[0m[2m=[0m276326 [3msqrt_from[0m[2m=[0m79237876026988569572647629223502767 [3msqrt_to[0m[2m=[0m79237789756749650695312006186508091 [3mliq_from[0m[2m=[0m202010012902492125934 [3mliq_to[0m[2m=[0m202010012902492125934
[2m2025-09-28T01:15:22.534278Z[0m [32m INFO[0m [2mmonitor.pool[0m[2m:[0m Applied [3maddress[0m[2m=[0m0xbcf99c834e65e8a58090e20edc058279317865bd [3mevent[0m[2m=[0m"Swap" [3mamount0[0m[2m=[0m-220024959 [3mamount1[0m[2m=[0m219965369939834571157 [3mtick_from[0m[2m=[0m276320 [3mtick_to[0m[2m=[0m276320 [3msqrt_from[0m[2m=[0m79213433959221170155676186979319813 [3msqrt_to[0m[2m=[0m79213510219001964375789596814244732 [3mliq_from[0m[2m=[0m228504581975096749067 [3mliq_to[0m[2m=[0m228504581975096749067
[2m2025-09-28T01:15:24.180629Z[0m [32m INFO[0m [2mmonitor.block[0m[2m:[0m Processing block [3mblock[0m[2m=[0m85445906
[2m2025-09-28T01:15:24.484834Z[0m [32m INFO[0m [2mmonitor.block[0m[2m:[0m Fetched logs [3mblock[0m[2m=[0m85445906 [3mlogs[0m[2m=[0m0
[2m2025-09-28T01:15:26.218438Z[0m [32m INFO[0m [2mmonitor.block[0m[2m:[0m Processing block [3mblock[0m[2m=[0m85445907
[2m2025-09-28T01:15:26.496293Z[0m [32m INFO[0m [2mmonitor.block[0m[2m:[0m Fetched logs [3mblock[0m[2m=[0m85445907 [3mlogs[0m[2m=[0m0
[2m2025-09-28T01:15:28.266666Z[0m [32m INFO[0m [2mmonitor.block[0m[2m:[0m Processing block [3mblock[0m[2m=[0m85445908
[2m2025-09-28T01:15:28.573671Z[0m [32m INFO[0m [2mmonitor.block[0m[2m:[0m Fetched logs [3mblock[0m[2m=[0m85445908 [3mlogs[0m[2m=[0m0
[2m2025-09-28T01:15:30.169574Z[0m [32m INFO[0m [2mmonitor.block[0m[2m:[0m Processing block [3mblock[0m[2m=[0m85445909
[2m2025-09-28T01:15:30.468907Z[0m [32m INFO[0m [2mmonitor.block[0m[2m:[0m Fetched logs [3mblock[0m[2m=[0m85445909 [3mlogs[0m[2m=[0m0
[2m2025-09-28T01:15:32.172754Z[0m [32m INFO[0m [2mmonitor.block[0m[2m:[0m Processing block [3mblock[0m[2m=[0m85445910
[2m2025-09-28T01:15:32.568686Z[0m [32m INFO[0m [2mmonitor.block[0m[2m:[0m Fetched logs [3mblock[0m[2m=[0m85445910 [3mlogs[0m[2m=[0m0
[2m2025-09-28T01:15:34.307707Z[0m [32m INFO[0m [2mmonitor.block[0m[2m:[0m Processing block [3mblock[0m[2m=[0m85445911
[2m2025-09-28T01:15:34.616676Z[0m [32m INFO[0m [2mmonitor.block[0m[2m:[0m Fetched logs [3mblock[0m[2m=[0m85445911 [3mlogs[0m[2m=[0m0
[2m2025-09-28T01:15:36.253524Z[0m [32m INFO[0m [2mmonitor.block[0m[2m:[0m Processing block [3mblock[0m[2m=[0m85445912
[2m2025-09-28T01:15:36.561115Z[0m [32m INFO[0m [2mmonitor.block[0m[2m:[0m Fetched logs [3mblock[0m[2m=[0m85445912 [3mlogs[0m[2m=[0m0
[2m2025-09-28T01:15:38.181553Z[0m [32m INFO[0m [2mmonitor.block[0m[2m:[0m Processing block [3mblock[0m[2m=[0m85445913
[2m2025-09-28T01:15:38.608934Z[0m [32m INFO[0m [2mmonitor.block[0m[2m:[0m Fetched logs [3mblock[0m[2m=[0m85445913 [3mlogs[0m[2m=[0m0
[2m2025-09-28T01:15:40.166893Z[0m [32m INFO[0m [2mmonitor.block[0m[2m:[0m Processing block [3mblock[0m[2m=[0m85445914
[2m2025-09-28T01:15:40.554872Z[0m [32m INFO[0m [2mmonitor.block[0m[2m:[0m Fetched logs [3mblock[0m[2m=[0m85445914 [3mlogs[0m[2m=[0m0
[2m2025-09-28T01:15:42.167200Z[0m [32m INFO[0m [2mmonitor.block[0m[2m:[0m Processing block [3mblock[0m[2m=[0m85445915
[2m2025-09-28T01:15:42.499955Z[0m [32m INFO[0m [2mmonitor.block[0m[2m:[0m Fetched logs [3mblock[0m[2m=[0m85445915 [3mlogs[0m[2m=[0m0
[2m2025-09-28T01:15:44.170572Z[0m [32m INFO[0m [2mmonitor.block[0m[2m:[0m Processing block [3mblock[0m[2m=[0m85445916
[2m2025-09-28T01:15:44.486229Z[0m [32m INFO[0m [2mmonitor.block[0m[2m:[0m Fetched logs [3mblock[0m[2m=[0m85445916 [3mlogs[0m[2m=[0m0
[2m2025-09-28T01:15:46.186402Z[0m [32m INFO[0m [2mmonitor.block[0m[2m:[0m Processing block [3mblock[0m[2m=[0m85445917
[2m2025-09-28T01:15:46.596454Z[0m [32m INFO[0m [2mmonitor.block[0m[2m:[0m Fetched logs [3mblock[0m[2m=[0m85445917 [3mlogs[0m[2m=[0m0
[2m2025-09-28T01:15:48.169308Z[0m [32m INFO[0m [2mmonitor.block[0m[2m:[0m Processing block [3mblock[0m[2m=[0m85445918
[2m2025-09-28T01:15:48.485190Z[0m [32m INFO[0m [2mmonitor.block[0m[2m:[0m Fetched logs [3mblock[0m[2m=[0m85445918 [3mlogs[0m[2m=[0m0
[2m2025-09-28T01:15:50.174490Z[0m [32m INFO[0m [2mmonitor.block[0m[2m:[0m Processing block [3mblock[0m[2m=[0m85445919
[2m2025-09-28T01:15:50.589971Z[0m [32m INFO[0m [2mmonitor.block[0m[2m:[0m Fetched logs [3mblock[0m[2m=[0m85445919 [3mlogs[0m[2m=[0m0
[2m2025-09-28T01:15:52.167705Z[0m [32m INFO[0m [2mmonitor.block[0m[2m:[0m Processing block [3mblock[0m[2m=[0m85445920
[2m2025-09-28T01:15:52.535926Z[0m [32m INFO[0m [2mmonitor.block[0m[2m:[0m Fetched logs [3mblock[0m[2m=[0m85445920 [3mlogs[0m[2m=[0m0
[2m2025-09-28T01:15:54.166529Z[0m [32m INFO[0m [2mmonitor.block[0m[2m:[0m Processing block [3mblock[0m[2m=[0m85445921
[2m2025-09-28T01:15:54.480864Z[0m [32m INFO[0m [2mmonitor.block[0m[2m:[0m Fetched logs [3mblock[0m[2m=[0m85445921 [3mlogs[0m[2m=[0m0
[2m2025-09-28T01:15:56.324995Z[0m [32m INFO[0m [2mmonitor.block[0m[2m:[0m Processing block [3mblock[0m[2m=[0m85445922
[2m2025-09-28T01:15:56.602496Z[0m [32m INFO[0m [2mmonitor.block[0m[2m:[0m Fetched logs [3mblock[0m[2m=[0m85445922 [3mlogs[0m[2m=[0m0
[2m2025-09-28T01:15:58.270091Z[0m [32m INFO[0m [2mmonitor.block[0m[2m:[0m Processing block [3mblock[0m[2m=[0m85445923
[2m2025-09-28T01:15:58.576999Z[0m [32m INFO[0m [2mmonitor.block[0m[2m:[0m Fetched logs [3mblock[0m[2m=[0m85445923 [3mlogs[0m[2m=[0m0
[2m2025-09-28T01:16:00.221280Z[0m [32m INFO[0m [2mmonitor.block[0m[2m:[0m Processing block [3mblock[0m[2m=[0m85445924
[2m2025-09-28T01:16:00.528240Z[0m [32m INFO[0m [2mmonitor.block[0m[2m:[0m Fetched logs [3mblock[0m[2m=[0m85445924 [3mlogs[0m[2m=[0m0
[2m2025-09-28T01:16:02.174111Z[0m [32m INFO[0m [2mmonitor.block[0m[2m:[0m Processing block [3mblock[0m[2m=[0m85445925
[2m2025-09-28T01:16:02.451991Z[0m [32m INFO[0m [2mmonitor.block[0m[2m:[0m Fetched logs [3mblock[0m[2m=[0m85445925 [3mlogs[0m[2m=[0m0
[2m2025-09-28T01:16:04.209687Z[0m [32m INFO[0m [2mmonitor.block[0m[2m:[0m Processing block [3mblock[0m[2m=[0m85445926
[2m2025-09-28T01:16:04.619150Z[0m [32m INFO[0m [2mmonitor.block[0m[2m:[0m Fetched logs [3mblock[0m[2m=[0m85445926 [3mlogs[0m[2m=[0m0
[2m2025-09-28T01:16:06.257606Z[0m [32m INFO[0m [2mmonitor.block[0m[2m:[0m Processing block [3mblock[0m[2m=[0m85445927
[2m2025-09-28T01:16:06.564975Z[0m [32m INFO[0m [2mmonitor.block[0m[2m:[0m Fetched logs [3mblock[0m[2m=[0m85445927 [3mlogs[0m[2m=[0m0
[2m2025-09-28T01:16:08.168347Z[0m [32m INFO[0m [2mmonitor.block[0m[2m:[0m Processing block [3mblock[0m[2m=[0m85445928
[2m2025-09-28T01:16:08.510202Z[0m [32m INFO[0m [2mmonitor.block[0m[2m:[0m Fetched logs [3mblock[0m[2m=[0m85445928 [3mlogs[0m[2m=[0m0
[2m2025-09-28T01:16:10.251744Z[0m [32m INFO[0m [2mmonitor.block[0m[2m:[0m Processing block [3mblock[0m[2m=[0m85445929
[2m2025-09-28T01:16:10.558009Z[0m [32m INFO[0m [2mmonitor.block[0m[2m:[0m Fetched logs [3mblock[0m[2m=[0m85445929 [3mlogs[0m[2m=[0m0
[2m2025-09-28T01:16:12.169326Z[0m [32m INFO[0m [2mmonitor.block[0m[2m:[0m Processing block [3mblock[0m[2m=[0m85445930
[2m2025-09-28T01:16:12.509059Z[0m [32m INFO[0m [2mmonitor.block[0m[2m:[0m Fetched logs [3mblock[0m[2m=[0m85445930 [3mlogs[0m[2m=[0m0
[2m2025-09-28T01:16:14.167831Z[0m [32m INFO[0m [2mmonitor.block[0m[2m:[0m Processing block [3mblock[0m[2m=[0m85445931
[2m2025-09-28T01:16:14.455956Z[0m [32m INFO[0m [2mmonitor.block[0m[2m:[0m Fetched logs [3mblock[0m[2m=[0m85445931 [3mlogs[0m[2m=[0m0
[2m2025-09-28T01:16:16.190738Z[0m [32m INFO[0m [2mmonitor.block[0m[2m:[0m Processing block [3mblock[0m[2m=[0m85445932
[2m2025-09-28T01:16:16.498021Z[0m [32m INFO[0m [2mmonitor.block[0m[2m:[0m Fetched logs [3mblock[0m[2m=[0m85445932 [3mlogs[0m[2m=[0m0
[2m2025-09-28T01:16:18.188943Z[0m [32m INFO[0m [2mmonitor.block[0m[2m:[0m Processing block [3mblock[0m[2m=[0m85445933
[2m2025-09-28T01:16:18.545416Z[0m [32m INFO[0m [2mmonitor.block[0m[2m:[0m Fetched logs [3mblock[0m[2m=[0m85445933 [3mlogs[0m[2m=[0m0
[2m2025-09-28T01:16:20.171013Z[0m [32m INFO[0m [2mmonitor.block[0m[2m:[0m Processing block [3mblock[0m[2m=[0m85445934
[2m2025-09-28T01:16:20.491175Z[0m [32m INFO[0m [2mmonitor.block[0m[2m:[0m Fetched logs [3mblock[0m[2m=[0m85445934 [3mlogs[0m[2m=[0m0
[2m2025-09-28T01:16:22.166543Z[0m [32m INFO[0m [2mmonitor.block[0m[2m:[0m Processing block [3mblock[0m[2m=[0m85445935
[2m2025-09-28T01:16:22.539282Z[0m [32m INFO[0m [2mmonitor.block[0m[2m:[0m Fetched logs [3mblock[0m[2m=[0m85445935 [3mlogs[0m[2m=[0m0
[2m2025-09-28T01:16:24.177807Z[0m [32m INFO[0m [2mmonitor.block[0m[2m:[0m Processing block [3mblock[0m[2m=[0m85445936
[2m2025-09-28T01:16:24.486759Z[0m [32m INFO[0m [2mmonitor.block[0m[2m:[0m Fetched logs [3mblock[0m[2m=[0m85445936 [3mlogs[0m[2m=[0m0
[2m2025-09-28T01:16:26.226125Z[0m [32m INFO[0m [2mmonitor.block[0m[2m:[0m Processing block [3mblock[0m[2m=[0m85445937
[2m2025-09-28T01:16:26.538780Z[0m [32m INFO[0m [2mmonitor.block[0m[2m:[0m Fetched logs [3mblock[0m[2m=[0m85445937 [3mlogs[0m[2m=[0m0
[2m2025-09-28T01:16:28.170603Z[0m [32m INFO[0m [2mmonitor.block[0m[2m:[0m Processing block [3mblock[0m[2m=[0m85445938
[2m2025-09-28T01:16:28.446312Z[0m [32m INFO[0m [2mmonitor.block[0m[2m:[0m Fetched logs [3mblock[0m[2m=[0m85445938 [3mlogs[0m[2m=[0m0
[2m2025-09-28T01:16:30.219258Z[0m [32m INFO[0m [2mmonitor.block[0m[2m:[0m Processing block [3mblock[0m[2m=[0m85445939
[2m2025-09-28T01:16:30.526605Z[0m [32m INFO[0m [2mmonitor.block[0m[2m:[0m Fetched logs [3mblock[0m[2m=[0m85445939 [3mlogs[0m[2m=[0m0
[2m2025-09-28T01:16:32.166897Z[0m [32m INFO[0m [2mmonitor.block[0m[2m:[0m Processing block [3mblock[0m[2m=[0m85445940
[2m2025-09-28T01:16:32.472482Z[0m [32m INFO[0m [2mmonitor.block[0m[2m:[0m Fetched logs [3mblock[0m[2m=[0m85445940 [3mlogs[0m[2m=[0m0
[2m2025-09-28T01:16:34.214098Z[0m [32m INFO[0m [2mmonitor.block[0m[2m:[0m Processing block [3mblock[0m[2m=[0m85445941
[2m2025-09-28T01:16:34.520303Z[0m [32m INFO[0m [2mmonitor.block[0m[2m:[0m Fetched logs [3mblock[0m[2m=[0m85445941 [3mlogs[0m[2m=[0m0
[2m2025-09-28T01:16:36.261964Z[0m [32m INFO[0m [2mmonitor.block[0m[2m:[0m Processing block [3mblock[0m[2m=[0m85445942
[2m2025-09-28T01:16:36.670920Z[0m [32m INFO[0m [2mmonitor.block[0m[2m:[0m Fetched logs [3mblock[0m[2m=[0m85445942 [3mlogs[0m[2m=[0m0
[2m2025-09-28T01:16:38.207112Z[0m [32m INFO[0m [2mmonitor.block[0m[2m:[0m Processing block [3mblock[0m[2m=[0m85445943
[2m2025-09-28T01:16:38.486493Z[0m [32m INFO[0m [2mmonitor.block[0m[2m:[0m Fetched logs [3mblock[0m[2m=[0m85445943 [3mlogs[0m[2m=[0m0
[2m2025-09-28T01:16:40.255521Z[0m [32m INFO[0m [2mmonitor.block[0m[2m:[0m Processing block [3mblock[0m[2m=[0m85445944
[2m2025-09-28T01:16:40.665190Z[0m [32m INFO[0m [2mmonitor.block[0m[2m:[0m Fetched logs [3mblock[0m[2m=[0m85445944 [3mlogs[0m[2m=[0m0
[2m2025-09-28T01:16:42.170743Z[0m [32m INFO[0m [2mmonitor.block[0m[2m:[0m Processing block [3mblock[0m[2m=[0m85445945
[2m2025-09-28T01:16:42.507313Z[0m [32m INFO[0m [2mmonitor.block[0m[2m:[0m Fetched logs [3mblock[0m[2m=[0m85445945 [3mlogs[0m[2m=[0m0
[2m2025-09-28T01:16:44.184886Z[0m [32m INFO[0m [2mmonitor.block[0m[2m:[0m Processing block [3mblock[0m[2m=[0m85445946
[2m2025-09-28T01:16:44.459466Z[0m [32m INFO[0m [2mmonitor.block[0m[2m:[0m Fetched logs [3mblock[0m[2m=[0m85445946 [3mlogs[0m[2m=[0m0
[2m2025-09-28T01:16:46.298412Z[0m [32m INFO[0m [2mmonitor.block[0m[2m:[0m Processing block [3mblock[0m[2m=[0m85445947
[2m2025-09-28T01:16:46.604138Z[0m [32m INFO[0m [2mmonitor.block[0m[2m:[0m Fetched logs [3mblock[0m[2m=[0m85445947 [3mlogs[0m[2m=[0m0
[2m2025-09-28T01:16:48.171658Z[0m [32m INFO[0m [2mmonitor.block[0m[2m:[0m Processing block [3mblock[0m[2m=[0m85445948
[2m2025-09-28T01:16:48.466791Z[0m [32m INFO[0m [2mmonitor.block[0m[2m:[0m Fetched logs [3mblock[0m[2m=[0m85445948 [3mlogs[0m[2m=[0m0
[2m2025-09-28T01:16:50.167032Z[0m [32m INFO[0m [2mmonitor.block[0m[2m:[0m Processing block [3mblock[0m[2m=[0m85445949
[2m2025-09-28T01:16:50.443416Z[0m [32m INFO[0m [2mmonitor.block[0m[2m:[0m Fetched logs [3mblock[0m[2m=[0m85445949 [3mlogs[0m[2m=[0m0
[2m2025-09-28T01:16:52.169233Z[0m [32m INFO[0m [2mmonitor.block[0m[2m:[0m Processing block [3mblock[0m[2m=[0m85445950
[2m2025-09-28T01:16:52.460750Z[0m [32m INFO[0m [2mmonitor.block[0m[2m:[0m Fetched logs [3mblock[0m[2m=[0m85445950 [3mlogs[0m[2m=[0m0
[2m2025-09-28T01:16:54.171629Z[0m [32m INFO[0m [2mmonitor.block[0m[2m:[0m Processing block [3mblock[0m[2m=[0m85445951
[2m2025-09-28T01:16:54.448267Z[0m [32m INFO[0m [2mmonitor.block[0m[2m:[0m Fetched logs [3mblock[0m[2m=[0m85445951 [3mlogs[0m[2m=[0m0
[2m2025-09-28T01:16:56.168914Z[0m [32m INFO[0m [2mmonitor.block[0m[2m:[0m Processing block [3mblock[0m[2m=[0m85445952
[2m2025-09-28T01:16:56.458197Z[0m [32m INFO[0m [2mmonitor.block[0m[2m:[0m Fetched logs [3mblock[0m[2m=[0m85445952 [3mlogs[0m[2m=[0m0
[2m2025-09-28T01:16:58.174950Z[0m [32m INFO[0m [2mmonitor.block[0m[2m:[0m Processing block [3mblock[0m[2m=[0m85445953
[2m2025-09-28T01:16:58.481970Z[0m [32m INFO[0m [2mmonitor.block[0m[2m:[0m Fetched logs [3mblock[0m[2m=[0m85445953 [3mlogs[0m[2m=[0m0
[2m2025-09-28T01:17:00.168708Z[0m [32m INFO[0m [2mmonitor.block[0m[2m:[0m Processing block [3mblock[0m[2m=[0m85445954
[2m2025-09-28T01:17:00.531031Z[0m [32m INFO[0m [2mmonitor.block[0m[2m:[0m Fetched logs [3mblock[0m[2m=[0m85445954 [3mlogs[0m[2m=[0m0
[2m2025-09-28T01:17:02.170623Z[0m [32m INFO[0m [2mmonitor.block[0m[2m:[0m Processing block [3mblock[0m[2m=[0m85445955
[2m2025-09-28T01:17:02.475941Z[0m [32m INFO[0m [2mmonitor.block[0m[2m:[0m Fetched logs [3mblock[0m[2m=[0m85445955 [3mlogs[0m[2m=[0m0
[2m2025-09-28T01:17:04.216883Z[0m [32m INFO[0m [2mmonitor.block[0m[2m:[0m Processing block [3mblock[0m[2m=[0m85445956
[2m2025-09-28T01:17:04.523739Z[0m [32m INFO[0m [2mmonitor.block[0m[2m:[0m Fetched logs [3mblock[0m[2m=[0m85445956 [3mlogs[0m[2m=[0m0
[2m2025-09-28T01:17:06.265657Z[0m [32m INFO[0m [2mmonitor.block[0m[2m:[0m Processing block [3mblock[0m[2m=[0m85445957
[2m2025-09-28T01:17:06.674430Z[0m [32m INFO[0m [2mmonitor.block[0m[2m:[0m Fetched logs [3mblock[0m[2m=[0m85445957 [3mlogs[0m[2m=[0m0
[2m2025-09-28T01:17:08.210801Z[0m [32m INFO[0m [2mmonitor.block[0m[2m:[0m Processing block [3mblock[0m[2m=[0m85445958
[2m2025-09-28T01:17:08.518433Z[0m [32m INFO[0m [2mmonitor.block[0m[2m:[0m Fetched logs [3mblock[0m[2m=[0m85445958 [3mlogs[0m[2m=[0m0
[2m2025-09-28T01:17:10.258363Z[0m [32m INFO[0m [2mmonitor.block[0m[2m:[0m Processing block [3mblock[0m[2m=[0m85445959
[2m2025-09-28T01:17:10.668541Z[0m [32m INFO[0m [2mmonitor.block[0m[2m:[0m Fetched logs [3mblock[0m[2m=[0m85445959 [3mlogs[0m[2m=[0m0
[2m2025-09-28T01:17:12.166686Z[0m [32m INFO[0m [2mmonitor.block[0m[2m:[0m Processing block [3mblock[0m[2m=[0m85445960
[2m2025-09-28T01:17:12.512378Z[0m [32m INFO[0m [2mmonitor.block[0m[2m:[0m Fetched logs [3mblock[0m[2m=[0m85445960 [3mlogs[0m[2m=[0m0
[2m2025-09-28T01:17:14.170357Z[0m [32m INFO[0m [2mmonitor.block[0m[2m:[0m Processing block [3mblock[0m[2m=[0m85445961
[2m2025-09-28T01:17:14.443900Z[0m [32m INFO[0m [2mmonitor.block[0m[2m:[0m Fetched logs [3mblock[0m[2m=[0m85445961 [3mlogs[0m[2m=[0m0
[2m2025-09-28T01:17:16.200118Z[0m [32m INFO[0m [2mmonitor.block[0m[2m:[0m Processing block [3mblock[0m[2m=[0m85445962
[2m2025-09-28T01:17:16.504972Z[0m [32m INFO[0m [2mmonitor.block[0m[2m:[0m Fetched logs [3mblock[0m[2m=[0m85445962 [3mlogs[0m[2m=[0m0
[2m2025-09-28T01:17:18.166044Z[0m [32m INFO[0m [2mmonitor.block[0m[2m:[0m Processing block [3mblock[0m[2m=[0m85445963
[2m2025-09-28T01:17:18.552765Z[0m [32m INFO[0m [2mmonitor.block[0m[2m:[0m Fetched logs [3mblock[0m[2m=[0m85445963 [3mlogs[0m[2m=[0m0
[2m2025-09-28T01:17:20.170174Z[0m [32m INFO[0m [2mmonitor.block[0m[2m:[0m Processing block [3mblock[0m[2m=[0m85445964
[2m2025-09-28T01:17:20.498995Z[0m [32m INFO[0m [2mmonitor.block[0m[2m:[0m Fetched logs [3mblock[0m[2m=[0m85445964 [3mlogs[0m[2m=[0m0
[2m2025-09-28T01:17:22.170996Z[0m [32m INFO[0m [2mmonitor.block[0m[2m:[0m Processing block [3mblock[0m[2m=[0m85445965
[2m2025-09-28T01:17:22.547097Z[0m [32m INFO[0m [2mmonitor.block[0m[2m:[0m Fetched logs [3mblock[0m[2m=[0m85445965 [3mlogs[0m[2m=[0m0
[2m2025-09-28T01:17:24.190864Z[0m [32m INFO[0m [2mmonitor.block[0m[2m:[0m Processing block [3mblock[0m[2m=[0m85445966
[2m2025-09-28T01:17:24.493256Z[0m [32m INFO[0m [2mmonitor.block[0m[2m:[0m Fetched logs [3mblock[0m[2m=[0m85445966 [3mlogs[0m[2m=[0m0
[2m2025-09-28T01:17:26.172081Z[0m [32m INFO[0m [2mmonitor.block[0m[2m:[0m Processing block [3mblock[0m[2m=[0m85445967
[2m2025-09-28T01:17:26.519491Z[0m [32m INFO[0m [2mmonitor.block[0m[2m:[0m Fetched logs [3mblock[0m[2m=[0m85445967 [3mlogs[0m[2m=[0m0
[2m2025-09-28T01:17:28.179584Z[0m [32m INFO[0m [2mmonitor.block[0m[2m:[0m Processing block [3mblock[0m[2m=[0m85445968
[2m2025-09-28T01:17:28.460162Z[0m [32m INFO[0m [2mmonitor.block[0m[2m:[0m Fetched logs [3mblock[0m[2m=[0m85445968 [3mlogs[0m[2m=[0m0
[2m2025-09-28T01:17:30.226977Z[0m [32m INFO[0m [2mmonitor.block[0m[2m:[0m Processing block [3mblock[0m[2m=[0m85445969
[2m2025-09-28T01:17:30.554824Z[0m [32m INFO[0m [2mmonitor.block[0m[2m:[0m Fetched logs [3mblock[0m[2m=[0m85445969 [3mlogs[0m[2m=[0m0
[2m2025-09-28T01:17:32.172510Z[0m [32m INFO[0m [2mmonitor.block[0m[2m:[0m Processing block [3mblock[0m[2m=[0m85445970
[2m2025-09-28T01:17:32.453050Z[0m [32m INFO[0m [2mmonitor.block[0m[2m:[0m Fetched logs [3mblock[0m[2m=[0m85445970 [3mlogs[0m[2m=[0m0
[2m2025-09-28T01:17:34.168950Z[0m [32m INFO[0m [2mmonitor.block[0m[2m:[0m Processing block [3mblock[0m[2m=[0m85445971
[2m2025-09-28T01:17:34.528252Z[0m [32m INFO[0m [2mmonitor.block[0m[2m:[0m Fetched logs [3mblock[0m[2m=[0m85445971 [3mlogs[0m[2m=[0m0
[2m2025-09-28T01:17:36.268661Z[0m [32m INFO[0m [2mmonitor.block[0m[2m:[0m Processing block [3mblock[0m[2m=[0m85445972
[2m2025-09-28T01:17:36.566067Z[0m [32m INFO[0m [2mmonitor.block[0m[2m:[0m Fetched logs [3mblock[0m[2m=[0m85445972 [3mlogs[0m[2m=[0m0
[2m2025-09-28T01:17:38.214976Z[0m [32m INFO[0m [2mmonitor.block[0m[2m:[0m Processing block [3mblock[0m[2m=[0m85445973
[2m2025-09-28T01:17:38.553543Z[0m [32m INFO[0m [2mmonitor.block[0m[2m:[0m Fetched logs [3mblock[0m[2m=[0m85445973 [3mlogs[0m[2m=[0m0
[2m2025-09-28T01:17:40.262651Z[0m [32m INFO[0m [2mmonitor.block[0m[2m:[0m Processing block [3mblock[0m[2m=[0m85445974
[2m2025-09-28T01:17:40.571323Z[0m [32m INFO[0m [2mmonitor.block[0m[2m:[0m Fetched logs [3mblock[0m[2m=[0m85445974 [3mlogs[0m[2m=[0m0
[2m2025-09-28T01:17:42.169174Z[0m [32m INFO[0m [2mmonitor.block[0m[2m:[0m Processing block [3mblock[0m[2m=[0m85445975
[2m2025-09-28T01:17:42.515134Z[0m [32m INFO[0m [2mmonitor.block[0m[2m:[0m Fetched logs [3mblock[0m[2m=[0m85445975 [3mlogs[0m[2m=[0m0
[2m2025-09-28T01:17:44.225550Z[0m [32m INFO[0m [2mmonitor.block[0m[2m:[0m Processing block [3mblock[0m[2m=[0m85445976
[2m2025-09-28T01:17:44.667502Z[0m [32m INFO[0m [2mmonitor.block[0m[2m:[0m Fetched logs [3mblock[0m[2m=[0m85445976 [3mlogs[0m[2m=[0m0
[2m2025-09-28T01:17:46.203125Z[0m [32m INFO[0m [2mmonitor.block[0m[2m:[0m Processing block [3mblock[0m[2m=[0m85445977
[2m2025-09-28T01:17:46.509044Z[0m [32m INFO[0m [2mmonitor.block[0m[2m:[0m Fetched logs [3mblock[0m[2m=[0m85445977 [3mlogs[0m[2m=[0m0
[2m2025-09-28T01:17:48.250704Z[0m [32m INFO[0m [2mmonitor.block[0m[2m:[0m Processing block [3mblock[0m[2m=[0m85445978
[2m2025-09-28T01:17:48.659466Z[0m [32m INFO[0m [2mmonitor.block[0m[2m:[0m Fetched logs [3mblock[0m[2m=[0m85445978 [3mlogs[0m[2m=[0m0
[2m2025-09-28T01:17:50.297711Z[0m [32m INFO[0m [2mmonitor.block[0m[2m:[0m Processing block [3mblock[0m[2m=[0m85445979
[2m2025-09-28T01:17:50.605265Z[0m [32m INFO[0m [2mmonitor.block[0m[2m:[0m Fetched logs [3mblock[0m[2m=[0m85445979 [3mlogs[0m[2m=[0m0
[2m2025-09-28T01:17:52.169341Z[0m [32m INFO[0m [2mmonitor.block[0m[2m:[0m Processing block [3mblock[0m[2m=[0m85445980
[2m2025-09-28T01:17:52.446981Z[0m [32m INFO[0m [2mmonitor.block[0m[2m:[0m Fetched logs [3mblock[0m[2m=[0m85445980 [3mlogs[0m[2m=[0m0
[2m2025-09-28T01:17:54.183070Z[0m [32m INFO[0m [2mmonitor.block[0m[2m:[0m Processing block [3mblock[0m[2m=[0m85445981
[2m2025-09-28T01:17:54.461250Z[0m [32m INFO[0m [2mmonitor.block[0m[2m:[0m Fetched logs [3mblock[0m[2m=[0m85445981 [3mlogs[0m[2m=[0m0
[2m2025-09-28T01:17:56.237413Z[0m [32m INFO[0m [2mmonitor.block[0m[2m:[0m Processing block [3mblock[0m[2m=[0m85445982
[2m2025-09-28T01:17:56.527648Z[0m [32m INFO[0m [2mmonitor.block[0m[2m:[0m Fetched logs [3mblock[0m[2m=[0m85445982 [3mlogs[0m[2m=[0m0
[2m2025-09-28T01:17:58.183294Z[0m [32m INFO[0m [2mmonitor.block[0m[2m:[0m Processing block [3mblock[0m[2m=[0m85445983
[2m2025-09-28T01:17:58.489457Z[0m [32m INFO[0m [2mmonitor.block[0m[2m:[0m Fetched logs [3mblock[0m[2m=[0m85445983 [3mlogs[0m[2m=[0m0
[2m2025-09-28T01:18:00.166746Z[0m [32m INFO[0m [2mmonitor.block[0m[2m:[0m Processing block [3mblock[0m[2m=[0m85445984
[2m2025-09-28T01:18:00.537482Z[0m [32m INFO[0m [2mmonitor.block[0m[2m:[0m Fetched logs [3mblock[0m[2m=[0m85445984 [3mlogs[0m[2m=[0m0
[2m2025-09-28T01:18:02.175804Z[0m [32m INFO[0m [2mmonitor.block[0m[2m:[0m Processing block [3mblock[0m[2m=[0m85445985
[2m2025-09-28T01:18:02.483515Z[0m [32m INFO[0m [2mmonitor.block[0m[2m:[0m Fetched logs [3mblock[0m[2m=[0m85445985 [3mlogs[0m[2m=[0m0
[2m2025-09-28T01:18:04.171283Z[0m [32m INFO[0m [2mmonitor.block[0m[2m:[0m Processing block [3mblock[0m[2m=[0m85445986
[2m2025-09-28T01:18:04.532018Z[0m [32m INFO[0m [2mmonitor.block[0m[2m:[0m Fetched logs [3mblock[0m[2m=[0m85445986 [3mlogs[0m[2m=[0m0
[2m2025-09-28T01:18:06.171423Z[0m [32m INFO[0m [2mmonitor.block[0m[2m:[0m Processing block [3mblock[0m[2m=[0m85445987
[2m2025-09-28T01:18:06.476878Z[0m [32m INFO[0m [2mmonitor.block[0m[2m:[0m Fetched logs [3mblock[0m[2m=[0m85445987 [3mlogs[0m[2m=[0m0
[2m2025-09-28T01:18:08.220008Z[0m [32m INFO[0m [2mmonitor.block[0m[2m:[0m Processing block [3mblock[0m[2m=[0m85445988
[2m2025-09-28T01:18:08.525561Z[0m [32m INFO[0m [2mmonitor.block[0m[2m:[0m Fetched logs [3mblock[0m[2m=[0m85445988 [3mlogs[0m[2m=[0m0
[2m2025-09-28T01:18:10.271370Z[0m [32m INFO[0m [2mmonitor.block[0m[2m:[0m Processing block [3mblock[0m[2m=[0m85445989
[2m2025-09-28T01:18:10.675958Z[0m [32m INFO[0m [2mmonitor.block[0m[2m:[0m Fetched logs [3mblock[0m[2m=[0m85445989 [3mlogs[0m[2m=[0m0
[2m2025-09-28T01:18:12.169828Z[0m [32m INFO[0m [2mmonitor.block[0m[2m:[0m Processing block [3mblock[0m[2m=[0m85445990
[2m2025-09-28T01:18:12.518731Z[0m [32m INFO[0m [2mmonitor.block[0m[2m:[0m Fetched logs [3mblock[0m[2m=[0m85445990 [3mlogs[0m[2m=[0m0
[2m2025-09-28T01:18:14.169527Z[0m [32m INFO[0m [2mmonitor.block[0m[2m:[0m Processing block [3mblock[0m[2m=[0m85445991
[2m2025-09-28T01:18:14.450166Z[0m [32m INFO[0m [2mmonitor.block[0m[2m:[0m Fetched logs [3mblock[0m[2m=[0m85445991 [3mlogs[0m[2m=[0m0
[2m2025-09-28T01:18:16.205581Z[0m [32m INFO[0m [2mmonitor.block[0m[2m:[0m Processing block [3mblock[0m[2m=[0m85445992
[2m2025-09-28T01:18:16.512980Z[0m [32m INFO[0m [2mmonitor.block[0m[2m:[0m Fetched logs [3mblock[0m[2m=[0m85445992 [3mlogs[0m[2m=[0m0
[2m2025-09-28T01:18:18.168295Z[0m [32m INFO[0m [2mmonitor.block[0m[2m:[0m Processing block [3mblock[0m[2m=[0m85445993
[2m2025-09-28T01:18:18.444118Z[0m [32m INFO[0m [2mmonitor.block[0m[2m:[0m Fetched logs [3mblock[0m[2m=[0m85445993 [3mlogs[0m[2m=[0m0
[2m2025-09-28T01:18:20.176333Z[0m [32m INFO[0m [2mmonitor.block[0m[2m:[0m Processing block [3mblock[0m[2m=[0m85445994
[2m2025-09-28T01:18:20.501660Z[0m [32m INFO[0m [2mmonitor.block[0m[2m:[0m Fetched logs [3mblock[0m[2m=[0m85445994 [3mlogs[0m[2m=[0m0
[2m2025-09-28T01:18:22.171179Z[0m [32m INFO[0m [2mmonitor.block[0m[2m:[0m Processing block [3mblock[0m[2m=[0m85445995
[2m2025-09-28T01:18:22.559026Z[0m [32m INFO[0m [2mmonitor.block[0m[2m:[0m Fetched logs [3mblock[0m[2m=[0m85445995 [3mlogs[0m[2m=[0m0
[2m2025-09-28T01:18:24.193109Z[0m [32m INFO[0m [2mmonitor.block[0m[2m:[0m Processing block [3mblock[0m[2m=[0m85445996
[2m2025-09-28T01:18:24.499845Z[0m [32m INFO[0m [2mmonitor.block[0m[2m:[0m Fetched logs [3mblock[0m[2m=[0m85445996 [3mlogs[0m[2m=[0m0
[2m2025-09-28T01:18:26.240892Z[0m [32m INFO[0m [2mmonitor.block[0m[2m:[0m Processing block [3mblock[0m[2m=[0m85445997
[2m2025-09-28T01:18:26.524116Z[0m [32m INFO[0m [2mmonitor.block[0m[2m:[0m Fetched logs [3mblock[0m[2m=[0m85445997 [3mlogs[0m[2m=[0m0
[2m2025-09-28T01:18:28.187194Z[0m [32m INFO[0m [2mmonitor.block[0m[2m:[0m Processing block [3mblock[0m[2m=[0m85445998
[2m2025-09-28T01:18:28.494128Z[0m [32m INFO[0m [2mmonitor.block[0m[2m:[0m Fetched logs [3mblock[0m[2m=[0m85445998 [3mlogs[0m[2m=[0m0
[2m2025-09-28T01:18:30.174527Z[0m [32m INFO[0m [2mmonitor.block[0m[2m:[0m Processing block [3mblock[0m[2m=[0m85445999
[2m2025-09-28T01:18:30.453182Z[0m [32m INFO[0m [2mmonitor.block[0m[2m:[0m Fetched logs [3mblock[0m[2m=[0m85445999 [3mlogs[0m[2m=[0m0
[2m2025-09-28T01:18:32.167398Z[0m [32m INFO[0m [2mmonitor.block[0m[2m:[0m Processing block [3mblock[0m[2m=[0m85446000
[2m2025-09-28T01:18:32.487610Z[0m [32m INFO[0m [2mmonitor.block[0m[2m:[0m Fetched logs [3mblock[0m[2m=[0m85446000 [3mlogs[0m[2m=[0m0
[2m2025-09-28T01:18:34.186114Z[0m [32m INFO[0m [2mmonitor.block[0m[2m:[0m Processing block [3mblock[0m[2m=[0m85446001
[2m2025-09-28T01:18:34.535641Z[0m [32m INFO[0m [2mmonitor.block[0m[2m:[0m Fetched logs [3mblock[0m[2m=[0m85446001 [3mlogs[0m[2m=[0m0
[2m2025-09-28T01:18:36.276534Z[0m [32m INFO[0m [2mmonitor.block[0m[2m:[0m Processing block [3mblock[0m[2m=[0m85446002
[2m2025-09-28T01:18:36.686217Z[0m [32m INFO[0m [2mmonitor.block[0m[2m:[0m Fetched logs [3mblock[0m[2m=[0m85446002 [3mlogs[0m[2m=[0m0
[2m2025-09-28T01:18:38.222751Z[0m [32m INFO[0m [2mmonitor.block[0m[2m:[0m Processing block [3mblock[0m[2m=[0m85446003
[2m2025-09-28T01:18:38.505807Z[0m [32m INFO[0m [2mmonitor.block[0m[2m:[0m Fetched logs [3mblock[0m[2m=[0m85446003 [3mlogs[0m[2m=[0m0
[2m2025-09-28T01:18:40.270344Z[0m [32m INFO[0m [2mmonitor.block[0m[2m:[0m Processing block [3mblock[0m[2m=[0m85446004
[2m2025-09-28T01:18:40.679486Z[0m [32m INFO[0m [2mmonitor.block[0m[2m:[0m Fetched logs [3mblock[0m[2m=[0m85446004 [3mlogs[0m[2m=[0m0
[2m2025-09-28T01:18:42.175374Z[0m [32m INFO[0m [2mmonitor.block[0m[2m:[0m Processing block [3mblock[0m[2m=[0m85446005
[2m2025-09-28T01:18:42.523276Z[0m [32m INFO[0m [2mmonitor.block[0m[2m:[0m Fetched logs [3mblock[0m[2m=[0m85446005 [3mlogs[0m[2m=[0m0
[2m2025-09-28T01:18:44.187705Z[0m [32m INFO[0m [2mmonitor.block[0m[2m:[0m Processing block [3mblock[0m[2m=[0m85446006
[2m2025-09-28T01:18:44.472404Z[0m [32m INFO[0m [2mmonitor.block[0m[2m:[0m Fetched logs [3mblock[0m[2m=[0m85446006 [3mlogs[0m[2m=[0m0
[2m2025-09-28T01:18:46.209670Z[0m [32m INFO[0m [2mmonitor.block[0m[2m:[0m Processing block [3mblock[0m[2m=[0m85446007
[2m2025-09-28T01:18:46.516483Z[0m [32m INFO[0m [2mmonitor.block[0m[2m:[0m Fetched logs [3mblock[0m[2m=[0m85446007 [3mlogs[0m[2m=[0m0
[2m2025-09-28T01:18:48.257819Z[0m [32m INFO[0m [2mmonitor.block[0m[2m:[0m Processing block [3mblock[0m[2m=[0m85446008
[2m2025-09-28T01:18:48.574678Z[0m [32m INFO[0m [2mmonitor.block[0m[2m:[0m Fetched logs [3mblock[0m[2m=[0m85446008 [3mlogs[0m[2m=[0m0
[2m2025-09-28T01:18:50.171416Z[0m [32m INFO[0m [2mmonitor.block[0m[2m:[0m Processing block [3mblock[0m[2m=[0m85446009
[2m2025-09-28T01:18:50.446025Z[0m [32m INFO[0m [2mmonitor.block[0m[2m:[0m Fetched logs [3mblock[0m[2m=[0m85446009 [3mlogs[0m[2m=[0m2
[2m2025-09-28T01:18:50.446778Z[0m [32m INFO[0m [2mmonitor.pool[0m[2m:[0m Applied [3maddress[0m[2m=[0m0x36a7aff497eef6a9cd7d0e7bc243793fcb3e57e2 [3mevent[0m[2m=[0m"Swap" [3mamount0[0m[2m=[0m219892987 [3mamount1[0m[2m=[0m-219924195166015119820 [3mtick_from[0m[2m=[0m276326 [3mtick_to[0m[2m=[0m276326 [3msqrt_from[0m[2m=[0m79237789756749650695312006186508091 [3msqrt_to[0m[2m=[0m79237703502659444571290218563143499 [3mliq_from[0m[2m=[0m202010012902492125934 [3mliq_to[0m[2m=[0m202010012902492125934
[2m2025-09-28T01:18:50.447209Z[0m [32m INFO[0m [2mmonitor.pool[0m[2m:[0m Applied [3maddress[0m[2m=[0m0xbcf99c834e65e8a58090e20edc058279317865bd [3mevent[0m[2m=[0m"Swap" [3mamount0[0m[2m=[0m-219983350 [3mamount1[0m[2m=[0m219924195166015119819 [3mtick_from[0m[2m=[0m276320 [3mtick_to[0m[2m=[0m276320 [3msqrt_from[0m[2m=[0m79213510219001964375789596814244732 [3msqrt_to[0m[2m=[0m79213586464507878751944812272762031 [3mliq_from[0m[2m=[0m228504581975096749067 [3mliq_to[0m[2m=[0m228504581975096749067
[2m2025-09-28T01:18:52.168848Z[0m [32m INFO[0m [2mmonitor.block[0m[2m:[0m Processing block [3mblock[0m[2m=[0m85446010
[2m2025-09-28T01:18:52.445791Z[0m [32m INFO[0m [2mmonitor.block[0m[2m:[0m Fetched logs [3mblock[0m[2m=[0m85446010 [3mlogs[0m[2m=[0m0
[2m2025-09-28T01:18:54.172085Z[0m [32m INFO[0m [2mmonitor.block[0m[2m:[0m Processing block [3mblock[0m[2m=[0m85446011
[2m2025-09-28T01:18:54.503601Z[0m [32m INFO[0m [2mmonitor.block[0m[2m:[0m Fetched logs [3mblock[0m[2m=[0m85446011 [3mlogs[0m[2m=[0m0
[2m2025-09-28T01:18:56.244397Z[0m [32m INFO[0m [2mmonitor.block[0m[2m:[0m Processing block [3mblock[0m[2m=[0m85446012
[2m2025-09-28T01:18:56.520648Z[0m [32m INFO[0m [2mmonitor.block[0m[2m:[0m Fetched logs [3mblock[0m[2m=[0m85446012 [3mlogs[0m[2m=[0m0
[2m2025-09-28T01:18:58.190630Z[0m [32m INFO[0m [2mmonitor.block[0m[2m:[0m Processing block [3mblock[0m[2m=[0m85446013
[2m2025-09-28T01:18:58.498238Z[0m [32m INFO[0m [2mmonitor.block[0m[2m:[0m Fetched logs [3mblock[0m[2m=[0m85446013 [3mlogs[0m[2m=[0m0
[2m2025-09-28T01:19:00.171951Z[0m [32m INFO[0m [2mmonitor.block[0m[2m:[0m Processing block [3mblock[0m[2m=[0m85446014
[2m2025-09-28T01:19:00.516880Z[0m [32m INFO[0m [2mmonitor.block[0m[2m:[0m Fetched logs [3mblock[0m[2m=[0m85446014 [3mlogs[0m[2m=[0m0
[2m2025-09-28T01:19:02.169267Z[0m [32m INFO[0m [2mmonitor.block[0m[2m:[0m Processing block [3mblock[0m[2m=[0m85446015
[2m2025-09-28T01:19:02.446296Z[0m [32m INFO[0m [2mmonitor.block[0m[2m:[0m Fetched logs [3mblock[0m[2m=[0m85446015 [3mlogs[0m[2m=[0m0
[2m2025-09-28T01:19:04.170145Z[0m [32m INFO[0m [2mmonitor.block[0m[2m:[0m Processing block [3mblock[0m[2m=[0m85446016
[2m2025-09-28T01:19:04.541082Z[0m [32m INFO[0m [2mmonitor.block[0m[2m:[0m Fetched logs [3mblock[0m[2m=[0m85446016 [3mlogs[0m[2m=[0m0
[2m2025-09-28T01:19:06.169765Z[0m [32m INFO[0m [2mmonitor.block[0m[2m:[0m Processing block [3mblock[0m[2m=[0m85446017
[2m2025-09-28T01:19:06.446774Z[0m [32m INFO[0m [2mmonitor.block[0m[2m:[0m Fetched logs [3mblock[0m[2m=[0m85446017 [3mlogs[0m[2m=[0m0
[2m2025-09-28T01:19:08.167710Z[0m [32m INFO[0m [2mmonitor.block[0m[2m:[0m Processing block [3mblock[0m[2m=[0m85446018
[2m2025-09-28T01:19:08.453222Z[0m [32m INFO[0m [2mmonitor.block[0m[2m:[0m Fetched logs [3mblock[0m[2m=[0m85446018 [3mlogs[0m[2m=[0m0
[2m2025-09-28T01:19:10.170235Z[0m [32m INFO[0m [2mmonitor.block[0m[2m:[0m Processing block [3mblock[0m[2m=[0m85446019
[2m2025-09-28T01:19:10.479237Z[0m [32m INFO[0m [2mmonitor.block[0m[2m:[0m Fetched logs [3mblock[0m[2m=[0m85446019 [3mlogs[0m[2m=[0m0
[2m2025-09-28T01:19:12.170857Z[0m [32m INFO[0m [2mmonitor.block[0m[2m:[0m Processing block [3mblock[0m[2m=[0m85446020
[2m2025-09-28T01:19:12.451384Z[0m [32m INFO[0m [2mmonitor.block[0m[2m:[0m Fetched logs [3mblock[0m[2m=[0m85446020 [3mlogs[0m[2m=[0m0
[2m2025-09-28T01:19:14.175783Z[0m [32m INFO[0m [2mmonitor.block[0m[2m:[0m Processing block [3mblock[0m[2m=[0m85446021
[2m2025-09-28T01:19:14.452587Z[0m [32m INFO[0m [2mmonitor.block[0m[2m:[0m Fetched logs [3mblock[0m[2m=[0m85446021 [3mlogs[0m[2m=[0m0
[2m2025-09-28T01:19:16.168483Z[0m [32m INFO[0m [2mmonitor.block[0m[2m:[0m Processing block [3mblock[0m[2m=[0m85446022
[2m2025-09-28T01:19:16.447264Z[0m [32m INFO[0m [2mmonitor.block[0m[2m:[0m Fetched logs [3mblock[0m[2m=[0m85446022 [3mlogs[0m[2m=[0m0
[2m2025-09-28T01:19:18.169902Z[0m [32m INFO[0m [2mmonitor.block[0m[2m:[0m Processing block [3mblock[0m[2m=[0m85446023
[2m2025-09-28T01:19:18.448920Z[0m [32m INFO[0m [2mmonitor.block[0m[2m:[0m Fetched logs [3mblock[0m[2m=[0m85446023 [3mlogs[0m[2m=[0m0
[2m2025-09-28T01:19:20.168777Z[0m [32m INFO[0m [2mmonitor.block[0m[2m:[0m Processing block [3mblock[0m[2m=[0m85446024
[2m2025-09-28T01:19:20.516028Z[0m [32m INFO[0m [2mmonitor.block[0m[2m:[0m Fetched logs [3mblock[0m[2m=[0m85446024 [3mlogs[0m[2m=[0m0
[2m2025-09-28T01:19:22.171653Z[0m [32m INFO[0m [2mmonitor.block[0m[2m:[0m Processing block [3mblock[0m[2m=[0m85446025
[2m2025-09-28T01:19:22.451196Z[0m [32m INFO[0m [2mmonitor.block[0m[2m:[0m Fetched logs [3mblock[0m[2m=[0m85446025 [3mlogs[0m[2m=[0m0
[2m2025-09-28T01:19:24.171865Z[0m [32m INFO[0m [2mmonitor.block[0m[2m:[0m Processing block [3mblock[0m[2m=[0m85446026
[2m2025-09-28T01:19:24.449831Z[0m [32m INFO[0m [2mmonitor.block[0m[2m:[0m Fetched logs [3mblock[0m[2m=[0m85446026 [3mlogs[0m[2m=[0m0
[2m2025-09-28T01:19:26.167774Z[0m [32m INFO[0m [2mmonitor.block[0m[2m:[0m Processing block [3mblock[0m[2m=[0m85446027
[2m2025-09-28T01:19:26.555768Z[0m [32m INFO[0m [2mmonitor.block[0m[2m:[0m Fetched logs [3mblock[0m[2m=[0m85446027 [3mlogs[0m[2m=[0m0
[2m2025-09-28T01:19:28.174416Z[0m [32m INFO[0m [2mmonitor.block[0m[2m:[0m Processing block [3mblock[0m[2m=[0m85446028
[2m2025-09-28T01:19:28.469782Z[0m [32m INFO[0m [2mmonitor.block[0m[2m:[0m Fetched logs [3mblock[0m[2m=[0m85446028 [3mlogs[0m[2m=[0m0
[2m2025-09-28T01:19:32.449393Z[0m [32m INFO[0m [2mmonitor.block[0m[2m:[0m Processing block [3mblock[0m[2m=[0m85446029
[2m2025-09-28T01:19:32.724626Z[0m [32m INFO[0m [2mmonitor.block[0m[2m:[0m Fetched logs [3mblock[0m[2m=[0m85446029 [3mlogs[0m[2m=[0m0
[2m2025-09-28T01:19:32.724720Z[0m [32m INFO[0m [2mmonitor.block[0m[2m:[0m Processing block [3mblock[0m[2m=[0m85446030
[2m2025-09-28T01:19:33.006438Z[0m [32m INFO[0m [2mmonitor.block[0m[2m:[0m Fetched logs [3mblock[0m[2m=[0m85446030 [3mlogs[0m[2m=[0m0
[2m2025-09-28T01:19:37.376357Z[0m [32m INFO[0m [2mmonitor.block[0m[2m:[0m Processing block [3mblock[0m[2m=[0m85446031
[2m2025-09-28T01:19:37.655714Z[0m [32m INFO[0m [2mmonitor.block[0m[2m:[0m Fetched logs [3mblock[0m[2m=[0m85446031 [3mlogs[0m[2m=[0m0
[2m2025-09-28T01:19:37.655902Z[0m [32m INFO[0m [2mmonitor.block[0m[2m:[0m Processing block [3mblock[0m[2m=[0m85446032
[2m2025-09-28T01:19:38.025808Z[0m [32m INFO[0m [2mmonitor.block[0m[2m:[0m Fetched logs [3mblock[0m[2m=[0m85446032 [3mlogs[0m[2m=[0m0
[2m2025-09-28T01:19:42.671664Z[0m [32m INFO[0m [2mmonitor.block[0m[2m:[0m Processing block [3mblock[0m[2m=[0m85446033
[2m2025-09-28T01:19:42.949440Z[0m [32m INFO[0m [2mmonitor.block[0m[2m:[0m Fetched logs [3mblock[0m[2m=[0m85446033 [3mlogs[0m[2m=[0m0
[2m2025-09-28T01:19:42.949601Z[0m [32m INFO[0m [2mmonitor.block[0m[2m:[0m Processing block [3mblock[0m[2m=[0m85446034
[2m2025-09-28T01:19:43.223635Z[0m [31mERROR[0m [2mmonitor[0m[2m:[0m get_logs failed [3mblock[0m[2m=[0m85446034 [3merror[0m[2m=[0mErrorResp(ErrorPayload { code: -32000, message: "invalid block range params", data: None })
[2m2025-09-28T01:19:43.223783Z[0m [32m INFO[0m [2mmonitor.block[0m[2m:[0m Processing block [3mblock[0m[2m=[0m85446035
[2m2025-09-28T01:19:43.554162Z[0m [31mERROR[0m [2mmonitor[0m[2m:[0m get_logs failed [3mblock[0m[2m=[0m85446035 [3merror[0m[2m=[0mErrorResp(ErrorPayload { code: -32000, message: "invalid block range params", data: None })
[2m2025-09-28T01:19:46.337599Z[0m [32m INFO[0m [2mmonitor.block[0m[2m:[0m Processing block [3mblock[0m[2m=[0m85446036
[2m2025-09-28T01:19:46.616448Z[0m [32m INFO[0m [2mmonitor.block[0m[2m:[0m Fetched logs [3mblock[0m[2m=[0m85446036 [3mlogs[0m[2m=[0m0
[2m2025-09-28T01:19:46.616600Z[0m [32m INFO[0m [2mmonitor.block[0m[2m:[0m Processing block [3mblock[0m[2m=[0m85446037
[2m2025-09-28T01:19:46.937788Z[0m [32m INFO[0m [2mmonitor.block[0m[2m:[0m Fetched logs [3mblock[0m[2m=[0m85446037 [3mlogs[0m[2m=[0m0
[2m2025-09-28T01:19:53.510784Z[0m [32m INFO[0m [2mmonitor.block[0m[2m:[0m Processing block [3mblock[0m[2m=[0m85446038
[2m2025-09-28T01:19:53.787121Z[0m [32m INFO[0m [2mmonitor.block[0m[2m:[0m Fetched logs [3mblock[0m[2m=[0m85446038 [3mlogs[0m[2m=[0m0
[2m2025-09-28T01:19:53.787298Z[0m [32m INFO[0m [2mmonitor.block[0m[2m:[0m Processing block [3mblock[0m[2m=[0m85446039
[2m2025-09-28T01:19:54.102815Z[0m [32m INFO[0m [2mmonitor.block[0m[2m:[0m Fetched logs [3mblock[0m[2m=[0m85446039 [3mlogs[0m[2m=[0m0
[2m2025-09-28T01:19:54.102969Z[0m [32m INFO[0m [2mmonitor.block[0m[2m:[0m Processing block [3mblock[0m[2m=[0m85446040
[2m2025-09-28T01:19:54.381676Z[0m [32m INFO[0m [2mmonitor.block[0m[2m:[0m Fetched logs [3mblock[0m[2m=[0m85446040 [3mlogs[0m[2m=[0m0
[2m2025-09-28T01:19:57.210775Z[0m [32m INFO[0m [2mmonitor.block[0m[2m:[0m Processing block [3mblock[0m[2m=[0m85446041
[2m2025-09-28T01:19:57.584041Z[0m [32m INFO[0m [2mmonitor.block[0m[2m:[0m Fetched logs [3mblock[0m[2m=[0m85446041 [3mlogs[0m[2m=[0m0
[2m2025-09-28T01:19:57.584175Z[0m [32m INFO[0m [2mmonitor.block[0m[2m:[0m Processing block [3mblock[0m[2m=[0m85446042
[2m2025-09-28T01:19:57.993066Z[0m [32m INFO[0m [2mmonitor.block[0m[2m:[0m Fetched logs [3mblock[0m[2m=[0m85446042 [3mlogs[0m[2m=[0m0
[2m2025-09-28T01:20:00.090324Z[0m [32m INFO[0m [2mmonitor.block[0m[2m:[0m Processing block [3mblock[0m[2m=[0m85446043
[2m2025-09-28T01:20:00.450505Z[0m [32m INFO[0m [2mmonitor.block[0m[2m:[0m Fetched logs [3mblock[0m[2m=[0m85446043 [3mlogs[0m[2m=[0m0
[2m2025-09-28T01:20:01.214870Z[0m [32m INFO[0m [2mmonitor.block[0m[2m:[0m Processing block [3mblock[0m[2m=[0m85446044
[2m2025-09-28T01:20:01.497986Z[0m [32m INFO[0m [2mmonitor.block[0m[2m:[0m Fetched logs [3mblock[0m[2m=[0m85446044 [3mlogs[0m[2m=[0m0
[2m2025-09-28T01:20:02.165761Z[0m [32m INFO[0m [2mmonitor.block[0m[2m:[0m Processing block [3mblock[0m[2m=[0m85446045
[2m2025-09-28T01:20:02.438336Z[0m [32m INFO[0m [2mmonitor.block[0m[2m:[0m Fetched logs [3mblock[0m[2m=[0m85446045 [3mlogs[0m[2m=[0m0
[2m2025-09-28T01:20:04.175044Z[0m [32m INFO[0m [2mmonitor.block[0m[2m:[0m Processing block [3mblock[0m[2m=[0m85446046
[2m2025-09-28T01:20:04.457745Z[0m [32m INFO[0m [2mmonitor.block[0m[2m:[0m Fetched logs [3mblock[0m[2m=[0m85446046 [3mlogs[0m[2m=[0m0
[2m2025-09-28T01:20:06.170127Z[0m [32m INFO[0m [2mmonitor.block[0m[2m:[0m Processing block [3mblock[0m[2m=[0m85446047
[2m2025-09-28T01:20:06.452481Z[0m [32m INFO[0m [2mmonitor.block[0m[2m:[0m Fetched logs [3mblock[0m[2m=[0m85446047 [3mlogs[0m[2m=[0m0
[2m2025-09-28T01:20:08.176050Z[0m [32m INFO[0m [2mmonitor.block[0m[2m:[0m Processing block [3mblock[0m[2m=[0m85446048
[2m2025-09-28T01:20:08.460757Z[0m [32m INFO[0m [2mmonitor.block[0m[2m:[0m Fetched logs [3mblock[0m[2m=[0m85446048 [3mlogs[0m[2m=[0m0
[2m2025-09-28T01:20:10.281263Z[0m [32m INFO[0m [2mmonitor.block[0m[2m:[0m Processing block [3mblock[0m[2m=[0m85446049
[2m2025-09-28T01:20:10.567944Z[0m [32m INFO[0m [2mmonitor.block[0m[2m:[0m Fetched logs [3mblock[0m[2m=[0m85446049 [3mlogs[0m[2m=[0m0
[2m2025-09-28T01:20:12.173400Z[0m [32m INFO[0m [2mmonitor.block[0m[2m:[0m Processing block [3mblock[0m[2m=[0m85446050
[2m2025-09-28T01:20:12.448238Z[0m [32m INFO[0m [2mmonitor.block[0m[2m:[0m Fetched logs [3mblock[0m[2m=[0m85446050 [3mlogs[0m[2m=[0m0
[2m2025-09-28T01:20:14.176813Z[0m [32m INFO[0m [2mmonitor.block[0m[2m:[0m Processing block [3mblock[0m[2m=[0m85446051
[2m2025-09-28T01:20:14.457610Z[0m [32m INFO[0m [2mmonitor.block[0m[2m:[0m Fetched logs [3mblock[0m[2m=[0m85446051 [3mlogs[0m[2m=[0m0
[2m2025-09-28T01:20:16.225420Z[0m [32m INFO[0m [2mmonitor.block[0m[2m:[0m Processing block [3mblock[0m[2m=[0m85446052
[2m2025-09-28T01:20:16.501553Z[0m [32m INFO[0m [2mmonitor.block[0m[2m:[0m Fetched logs [3mblock[0m[2m=[0m85446052 [3mlogs[0m[2m=[0m0
[2m2025-09-28T01:20:18.270300Z[0m [32m INFO[0m [2mmonitor.block[0m[2m:[0m Processing block [3mblock[0m[2m=[0m85446053
[2m2025-09-28T01:20:18.549784Z[0m [32m INFO[0m [2mmonitor.block[0m[2m:[0m Fetched logs [3mblock[0m[2m=[0m85446053 [3mlogs[0m[2m=[0m0
[2m2025-09-28T01:20:20.169629Z[0m [32m INFO[0m [2mmonitor.block[0m[2m:[0m Processing block [3mblock[0m[2m=[0m85446054
[2m2025-09-28T01:20:20.496995Z[0m [32m INFO[0m [2mmonitor.block[0m[2m:[0m Fetched logs [3mblock[0m[2m=[0m85446054 [3mlogs[0m[2m=[0m0
[2m2025-09-28T01:20:22.171834Z[0m [32m INFO[0m [2mmonitor.block[0m[2m:[0m Processing block [3mblock[0m[2m=[0m85446055
[2m2025-09-28T01:20:22.467398Z[0m [32m INFO[0m [2mmonitor.block[0m[2m:[0m Fetched logs [3mblock[0m[2m=[0m85446055 [3mlogs[0m[2m=[0m0
[2m2025-09-28T01:20:24.208750Z[0m [32m INFO[0m [2mmonitor.block[0m[2m:[0m Processing block [3mblock[0m[2m=[0m85446056
[2m2025-09-28T01:20:24.515398Z[0m [32m INFO[0m [2mmonitor.block[0m[2m:[0m Fetched logs [3mblock[0m[2m=[0m85446056 [3mlogs[0m[2m=[0m0
[2m2025-09-28T01:20:26.168211Z[0m [32m INFO[0m [2mmonitor.block[0m[2m:[0m Processing block [3mblock[0m[2m=[0m85446057
[2m2025-09-28T01:20:26.444418Z[0m [32m INFO[0m [2mmonitor.block[0m[2m:[0m Fetched logs [3mblock[0m[2m=[0m85446057 [3mlogs[0m[2m=[0m0
[2m2025-09-28T01:20:28.201772Z[0m [32m INFO[0m [2mmonitor.block[0m[2m:[0m Processing block [3mblock[0m[2m=[0m85446058
[2m2025-09-28T01:20:28.513586Z[0m [32m INFO[0m [2mmonitor.block[0m[2m:[0m Fetched logs [3mblock[0m[2m=[0m85446058 [3mlogs[0m[2m=[0m0
[2m2025-09-28T01:20:30.250119Z[0m [32m INFO[0m [2mmonitor.block[0m[2m:[0m Processing block [3mblock[0m[2m=[0m85446059
[2m2025-09-28T01:20:30.560737Z[0m [32m INFO[0m [2mmonitor.block[0m[2m:[0m Fetched logs [3mblock[0m[2m=[0m85446059 [3mlogs[0m[2m=[0m0
[2m2025-09-28T01:20:32.172069Z[0m [32m INFO[0m [2mmonitor.block[0m[2m:[0m Processing block [3mblock[0m[2m=[0m85446060
[2m2025-09-28T01:20:32.454400Z[0m [32m INFO[0m [2mmonitor.block[0m[2m:[0m Fetched logs [3mblock[0m[2m=[0m85446060 [3mlogs[0m[2m=[0m0
[2m2025-09-28T01:20:34.171197Z[0m [32m INFO[0m [2mmonitor.block[0m[2m:[0m Processing block [3mblock[0m[2m=[0m85446061
[2m2025-09-28T01:20:34.461099Z[0m [32m INFO[0m [2mmonitor.block[0m[2m:[0m Fetched logs [3mblock[0m[2m=[0m85446061 [3mlogs[0m[2m=[0m0
[2m2025-09-28T01:20:36.168209Z[0m [32m INFO[0m [2mmonitor.block[0m[2m:[0m Processing block [3mblock[0m[2m=[0m85446062
[2m2025-09-28T01:20:36.446535Z[0m [32m INFO[0m [2mmonitor.block[0m[2m:[0m Fetched logs [3mblock[0m[2m=[0m85446062 [3mlogs[0m[2m=[0m0
[2m2025-09-28T01:20:38.171166Z[0m [32m INFO[0m [2mmonitor.block[0m[2m:[0m Processing block [3mblock[0m[2m=[0m85446063
[2m2025-09-28T01:20:38.455681Z[0m [32m INFO[0m [2mmonitor.block[0m[2m:[0m Fetched logs [3mblock[0m[2m=[0m85446063 [3mlogs[0m[2m=[0m0
[2m2025-09-28T01:20:40.182663Z[0m [32m INFO[0m [2mmonitor.block[0m[2m:[0m Processing block [3mblock[0m[2m=[0m85446064
[2m2025-09-28T01:20:40.464431Z[0m [32m INFO[0m [2mmonitor.block[0m[2m:[0m Fetched logs [3mblock[0m[2m=[0m85446064 [3mlogs[0m[2m=[0m0
[2m2025-09-28T01:20:42.170761Z[0m [32m INFO[0m [2mmonitor.block[0m[2m:[0m Processing block [3mblock[0m[2m=[0m85446065
[2m2025-09-28T01:20:42.456646Z[0m [32m INFO[0m [2mmonitor.block[0m[2m:[0m Fetched logs [3mblock[0m[2m=[0m85446065 [3mlogs[0m[2m=[0m0
[2m2025-09-28T01:20:44.171243Z[0m [32m INFO[0m [2mmonitor.block[0m[2m:[0m Processing block [3mblock[0m[2m=[0m85446066
[2m2025-09-28T01:20:44.450586Z[0m [32m INFO[0m [2mmonitor.block[0m[2m:[0m Fetched logs [3mblock[0m[2m=[0m85446066 [3mlogs[0m[2m=[0m0
[2m2025-09-28T01:20:46.169796Z[0m [32m INFO[0m [2mmonitor.block[0m[2m:[0m Processing block [3mblock[0m[2m=[0m85446067
[2m2025-09-28T01:20:46.455189Z[0m [32m INFO[0m [2mmonitor.block[0m[2m:[0m Fetched logs [3mblock[0m[2m=[0m85446067 [3mlogs[0m[2m=[0m0
[2m2025-09-28T01:20:48.173834Z[0m [32m INFO[0m [2mmonitor.block[0m[2m:[0m Processing block [3mblock[0m[2m=[0m85446068
[2m2025-09-28T01:20:48.454068Z[0m [32m INFO[0m [2mmonitor.block[0m[2m:[0m Fetched logs [3mblock[0m[2m=[0m85446068 [3mlogs[0m[2m=[0m0
[2m2025-09-28T01:20:50.177706Z[0m [32m INFO[0m [2mmonitor.block[0m[2m:[0m Processing block [3mblock[0m[2m=[0m85446069
[2m2025-09-28T01:20:50.456287Z[0m [32m INFO[0m [2mmonitor.block[0m[2m:[0m Fetched logs [3mblock[0m[2m=[0m85446069 [3mlogs[0m[2m=[0m0
[2m2025-09-28T01:20:52.169963Z[0m [32m INFO[0m [2mmonitor.block[0m[2m:[0m Processing block [3mblock[0m[2m=[0m85446070
[2m2025-09-28T01:20:52.445379Z[0m [32m INFO[0m [2mmonitor.block[0m[2m:[0m Fetched logs [3mblock[0m[2m=[0m85446070 [3mlogs[0m[2m=[0m0
[2m2025-09-28T01:20:54.174955Z[0m [32m INFO[0m [2mmonitor.block[0m[2m:[0m Processing block [3mblock[0m[2m=[0m85446071
[2m2025-09-28T01:20:54.452324Z[0m [32m INFO[0m [2mmonitor.block[0m[2m:[0m Fetched logs [3mblock[0m[2m=[0m85446071 [3mlogs[0m[2m=[0m0
[2m2025-09-28T01:20:56.170517Z[0m [32m INFO[0m [2mmonitor.block[0m[2m:[0m Processing block [3mblock[0m[2m=[0m85446072
[2m2025-09-28T01:20:56.465707Z[0m [32m INFO[0m [2mmonitor.block[0m[2m:[0m Fetched logs [3mblock[0m[2m=[0m85446072 [3mlogs[0m[2m=[0m0
[2m2025-09-28T01:20:58.170083Z[0m [32m INFO[0m [2mmonitor.block[0m[2m:[0m Processing block [3mblock[0m[2m=[0m85446073
[2m2025-09-28T01:20:58.446566Z[0m [32m INFO[0m [2mmonitor.block[0m[2m:[0m Fetched logs [3mblock[0m[2m=[0m85446073 [3mlogs[0m[2m=[0m0
[2m2025-09-28T01:21:00.270182Z[0m [32m INFO[0m [2mmonitor.block[0m[2m:[0m Processing block [3mblock[0m[2m=[0m85446074
[2m2025-09-28T01:21:00.565373Z[0m [32m INFO[0m [2mmonitor.block[0m[2m:[0m Fetched logs [3mblock[0m[2m=[0m85446074 [3mlogs[0m[2m=[0m0
[2m2025-09-28T01:21:02.246335Z[0m [32m INFO[0m [2mmonitor.block[0m[2m:[0m Processing block [3mblock[0m[2m=[0m85446075
[2m2025-09-28T01:21:02.830275Z[0m [32m INFO[0m [2mmonitor.block[0m[2m:[0m Fetched logs [3mblock[0m[2m=[0m85446075 [3mlogs[0m[2m=[0m0
[2m2025-09-28T01:21:04.176661Z[0m [32m INFO[0m [2mmonitor.block[0m[2m:[0m Processing block [3mblock[0m[2m=[0m85446076
[2m2025-09-28T01:21:04.456048Z[0m [32m INFO[0m [2mmonitor.block[0m[2m:[0m Fetched logs [3mblock[0m[2m=[0m85446076 [3mlogs[0m[2m=[0m0
[2m2025-09-28T01:21:06.170976Z[0m [32m INFO[0m [2mmonitor.block[0m[2m:[0m Processing block [3mblock[0m[2m=[0m85446077
[2m2025-09-28T01:21:06.447016Z[0m [32m INFO[0m [2mmonitor.block[0m[2m:[0m Fetched logs [3mblock[0m[2m=[0m85446077 [3mlogs[0m[2m=[0m0
[2m2025-09-28T01:21:08.168320Z[0m [32m INFO[0m [2mmonitor.block[0m[2m:[0m Processing block [3mblock[0m[2m=[0m85446078
[2m2025-09-28T01:21:08.446526Z[0m [32m INFO[0m [2mmonitor.block[0m[2m:[0m Fetched logs [3mblock[0m[2m=[0m85446078 [3mlogs[0m[2m=[0m0
[2m2025-09-28T01:21:10.169417Z[0m [32m INFO[0m [2mmonitor.block[0m[2m:[0m Processing block [3mblock[0m[2m=[0m85446079
[2m2025-09-28T01:21:10.444686Z[0m [32m INFO[0m [2mmonitor.block[0m[2m:[0m Fetched logs [3mblock[0m[2m=[0m85446079 [3mlogs[0m[2m=[0m0
[2m2025-09-28T01:21:12.172298Z[0m [32m INFO[0m [2mmonitor.block[0m[2m:[0m Processing block [3mblock[0m[2m=[0m85446080
[2m2025-09-28T01:21:12.543493Z[0m [32m INFO[0m [2mmonitor.block[0m[2m:[0m Fetched logs [3mblock[0m[2m=[0m85446080 [3mlogs[0m[2m=[0m0
[2m2025-09-28T01:21:14.169392Z[0m [32m INFO[0m [2mmonitor.block[0m[2m:[0m Processing block [3mblock[0m[2m=[0m85446081
[2m2025-09-28T01:21:14.448687Z[0m [32m INFO[0m [2mmonitor.block[0m[2m:[0m Fetched logs [3mblock[0m[2m=[0m85446081 [3mlogs[0m[2m=[0m0
[2m2025-09-28T01:21:16.173718Z[0m [32m INFO[0m [2mmonitor.block[0m[2m:[0m Processing block [3mblock[0m[2m=[0m85446082
[2m2025-09-28T01:21:16.499431Z[0m [32m INFO[0m [2mmonitor.block[0m[2m:[0m Fetched logs [3mblock[0m[2m=[0m85446082 [3mlogs[0m[2m=[0m0
[2m2025-09-28T01:21:18.168085Z[0m [32m INFO[0m [2mmonitor.block[0m[2m:[0m Processing block [3mblock[0m[2m=[0m85446083
[2m2025-09-28T01:21:18.447682Z[0m [32m INFO[0m [2mmonitor.block[0m[2m:[0m Fetched logs [3mblock[0m[2m=[0m85446083 [3mlogs[0m[2m=[0m0
[2m2025-09-28T01:21:20.171271Z[0m [32m INFO[0m [2mmonitor.block[0m[2m:[0m Processing block [3mblock[0m[2m=[0m85446084
[2m2025-09-28T01:21:20.529214Z[0m [32m INFO[0m [2mmonitor.block[0m[2m:[0m Fetched logs [3mblock[0m[2m=[0m85446084 [3mlogs[0m[2m=[0m0
[2m2025-09-28T01:21:22.168636Z[0m [32m INFO[0m [2mmonitor.block[0m[2m:[0m Processing block [3mblock[0m[2m=[0m85446085
[2m2025-09-28T01:21:22.443539Z[0m [32m INFO[0m [2mmonitor.block[0m[2m:[0m Fetched logs [3mblock[0m[2m=[0m85446085 [3mlogs[0m[2m=[0m0
[2m2025-09-28T01:21:24.217191Z[0m [32m INFO[0m [2mmonitor.block[0m[2m:[0m Processing block [3mblock[0m[2m=[0m85446086
[2m2025-09-28T01:21:24.522794Z[0m [32m INFO[0m [2mmonitor.block[0m[2m:[0m Fetched logs [3mblock[0m[2m=[0m85446086 [3mlogs[0m[2m=[0m0
[2m2025-09-28T01:21:26.167498Z[0m [32m INFO[0m [2mmonitor.block[0m[2m:[0m Processing block [3mblock[0m[2m=[0m85446087
[2m2025-09-28T01:21:26.468154Z[0m [32m INFO[0m [2mmonitor.block[0m[2m:[0m Fetched logs [3mblock[0m[2m=[0m85446087 [3mlogs[0m[2m=[0m0
[2m2025-09-28T01:21:28.167800Z[0m [32m INFO[0m [2mmonitor.block[0m[2m:[0m Processing block [3mblock[0m[2m=[0m85446088
[2m2025-09-28T01:21:28.443752Z[0m [32m INFO[0m [2mmonitor.block[0m[2m:[0m Fetched logs [3mblock[0m[2m=[0m85446088 [3mlogs[0m[2m=[0m0
[2m2025-09-28T01:21:30.171333Z[0m [32m INFO[0m [2mmonitor.block[0m[2m:[0m Processing block [3mblock[0m[2m=[0m85446089
[2m2025-09-28T01:21:30.444797Z[0m [32m INFO[0m [2mmonitor.block[0m[2m:[0m Fetched logs [3mblock[0m[2m=[0m85446089 [3mlogs[0m[2m=[0m0
[2m2025-09-28T01:21:32.176005Z[0m [32m INFO[0m [2mmonitor.block[0m[2m:[0m Processing block [3mblock[0m[2m=[0m85446090
[2m2025-09-28T01:21:32.449098Z[0m [32m INFO[0m [2mmonitor.block[0m[2m:[0m Fetched logs [3mblock[0m[2m=[0m85446090 [3mlogs[0m[2m=[0m0
[2m2025-09-28T01:21:34.171729Z[0m [32m INFO[0m [2mmonitor.block[0m[2m:[0m Processing block [3mblock[0m[2m=[0m85446091
[2m2025-09-28T01:21:34.455920Z[0m [32m INFO[0m [2mmonitor.block[0m[2m:[0m Fetched logs [3mblock[0m[2m=[0m85446091 [3mlogs[0m[2m=[0m0
[2m2025-09-28T01:21:36.168728Z[0m [32m INFO[0m [2mmonitor.block[0m[2m:[0m Processing block [3mblock[0m[2m=[0m85446092
[2m2025-09-28T01:21:36.452626Z[0m [32m INFO[0m [2mmonitor.block[0m[2m:[0m Fetched logs [3mblock[0m[2m=[0m85446092 [3mlogs[0m[2m=[0m0
[2m2025-09-28T01:21:38.172142Z[0m [32m INFO[0m [2mmonitor.block[0m[2m:[0m Processing block [3mblock[0m[2m=[0m85446093
[2m2025-09-28T01:21:38.454590Z[0m [32m INFO[0m [2mmonitor.block[0m[2m:[0m Fetched logs [3mblock[0m[2m=[0m85446093 [3mlogs[0m[2m=[0m0
[2m2025-09-28T01:21:40.211933Z[0m [32m INFO[0m [2mmonitor.block[0m[2m:[0m Processing block [3mblock[0m[2m=[0m85446094
[2m2025-09-28T01:21:40.487324Z[0m [32m INFO[0m [2mmonitor.block[0m[2m:[0m Fetched logs [3mblock[0m[2m=[0m85446094 [3mlogs[0m[2m=[0m0
[2m2025-09-28T01:21:42.170261Z[0m [32m INFO[0m [2mmonitor.block[0m[2m:[0m Processing block [3mblock[0m[2m=[0m85446095
[2m2025-09-28T01:21:42.446550Z[0m [32m INFO[0m [2mmonitor.block[0m[2m:[0m Fetched logs [3mblock[0m[2m=[0m85446095 [3mlogs[0m[2m=[0m0
[2m2025-09-28T01:21:44.170437Z[0m [32m INFO[0m [2mmonitor.block[0m[2m:[0m Processing block [3mblock[0m[2m=[0m85446096
[2m2025-09-28T01:21:44.454343Z[0m [32m INFO[0m [2mmonitor.block[0m[2m:[0m Fetched logs [3mblock[0m[2m=[0m85446096 [3mlogs[0m[2m=[0m0
[2m2025-09-28T01:21:46.169959Z[0m [32m INFO[0m [2mmonitor.block[0m[2m:[0m Processing block [3mblock[0m[2m=[0m85446097
[2m2025-09-28T01:21:46.446594Z[0m [32m INFO[0m [2mmonitor.block[0m[2m:[0m Fetched logs [3mblock[0m[2m=[0m85446097 [3mlogs[0m[2m=[0m0
[2m2025-09-28T01:21:48.167968Z[0m [32m INFO[0m [2mmonitor.block[0m[2m:[0m Processing block [3mblock[0m[2m=[0m85446098
[2m2025-09-28T01:21:48.448617Z[0m [32m INFO[0m [2mmonitor.block[0m[2m:[0m Fetched logs [3mblock[0m[2m=[0m85446098 [3mlogs[0m[2m=[0m0
[2m2025-09-28T01:21:50.171511Z[0m [32m INFO[0m [2mmonitor.block[0m[2m:[0m Processing block [3mblock[0m[2m=[0m85446099
[2m2025-09-28T01:21:50.445346Z[0m [32m INFO[0m [2mmonitor.block[0m[2m:[0m Fetched logs [3mblock[0m[2m=[0m85446099 [3mlogs[0m[2m=[0m0
[2m2025-09-28T01:21:52.175595Z[0m [32m INFO[0m [2mmonitor.block[0m[2m:[0m Processing block [3mblock[0m[2m=[0m85446100
[2m2025-09-28T01:21:52.451182Z[0m [32m INFO[0m [2mmonitor.block[0m[2m:[0m Fetched logs [3mblock[0m[2m=[0m85446100 [3mlogs[0m[2m=[0m0
[2m2025-09-28T01:21:54.168749Z[0m [32m INFO[0m [2mmonitor.block[0m[2m:[0m Processing block [3mblock[0m[2m=[0m85446101
[2m2025-09-28T01:21:54.445276Z[0m [32m INFO[0m [2mmonitor.block[0m[2m:[0m Fetched logs [3mblock[0m[2m=[0m85446101 [3mlogs[0m[2m=[0m0
[2m2025-09-28T01:21:56.170480Z[0m [32m INFO[0m [2mmonitor.block[0m[2m:[0m Processing block [3mblock[0m[2m=[0m85446102
[2m2025-09-28T01:21:56.446358Z[0m [32m INFO[0m [2mmonitor.block[0m[2m:[0m Fetched logs [3mblock[0m[2m=[0m85446102 [3mlogs[0m[2m=[0m0
[2m2025-09-28T01:21:58.213217Z[0m [32m INFO[0m [2mmonitor.block[0m[2m:[0m Processing block [3mblock[0m[2m=[0m85446103
[2m2025-09-28T01:21:58.520628Z[0m [32m INFO[0m [2mmonitor.block[0m[2m:[0m Fetched logs [3mblock[0m[2m=[0m85446103 [3mlogs[0m[2m=[0m0
[2m2025-09-28T01:22:00.178936Z[0m [32m INFO[0m [2mmonitor.block[0m[2m:[0m Processing block [3mblock[0m[2m=[0m85446104
[2m2025-09-28T01:22:00.455714Z[0m [32m INFO[0m [2mmonitor.block[0m[2m:[0m Fetched logs [3mblock[0m[2m=[0m85446104 [3mlogs[0m[2m=[0m0
[2m2025-09-28T01:22:02.169532Z[0m [32m INFO[0m [2mmonitor.block[0m[2m:[0m Processing block [3mblock[0m[2m=[0m85446105
[2m2025-09-28T01:22:02.444088Z[0m [32m INFO[0m [2mmonitor.block[0m[2m:[0m Fetched logs [3mblock[0m[2m=[0m85446105 [3mlogs[0m[2m=[0m0
[2m2025-09-28T01:22:04.173079Z[0m [32m INFO[0m [2mmonitor.block[0m[2m:[0m Processing block [3mblock[0m[2m=[0m85446106
[2m2025-09-28T01:22:04.454213Z[0m [32m INFO[0m [2mmonitor.block[0m[2m:[0m Fetched logs [3mblock[0m[2m=[0m85446106 [3mlogs[0m[2m=[0m0
[2m2025-09-28T01:22:06.169242Z[0m [32m INFO[0m [2mmonitor.block[0m[2m:[0m Processing block [3mblock[0m[2m=[0m85446107
[2m2025-09-28T01:22:06.449883Z[0m [32m INFO[0m [2mmonitor.block[0m[2m:[0m Fetched logs [3mblock[0m[2m=[0m85446107 [3mlogs[0m[2m=[0m0
[2m2025-09-28T01:22:08.352634Z[0m [32m INFO[0m [2mmonitor.block[0m[2m:[0m Processing block [3mblock[0m[2m=[0m85446108
[2m2025-09-28T01:22:08.632641Z[0m [32m INFO[0m [2mmonitor.block[0m[2m:[0m Fetched logs [3mblock[0m[2m=[0m85446108 [3mlogs[0m[2m=[0m0
[2m2025-09-28T01:22:10.169660Z[0m [32m INFO[0m [2mmonitor.block[0m[2m:[0m Processing block [3mblock[0m[2m=[0m85446109
[2m2025-09-28T01:22:10.447057Z[0m [32m INFO[0m [2mmonitor.block[0m[2m:[0m Fetched logs [3mblock[0m[2m=[0m85446109 [3mlogs[0m[2m=[0m0
[2m2025-09-28T01:22:12.170075Z[0m [32m INFO[0m [2mmonitor.block[0m[2m:[0m Processing block [3mblock[0m[2m=[0m85446110
[2m2025-09-28T01:22:12.446011Z[0m [32m INFO[0m [2mmonitor.block[0m[2m:[0m Fetched logs [3mblock[0m[2m=[0m85446110 [3mlogs[0m[2m=[0m0
[2m2025-09-28T01:22:14.172655Z[0m [32m INFO[0m [2mmonitor.block[0m[2m:[0m Processing block [3mblock[0m[2m=[0m85446111
[2m2025-09-28T01:22:14.453382Z[0m [32m INFO[0m [2mmonitor.block[0m[2m:[0m Fetched logs [3mblock[0m[2m=[0m85446111 [3mlogs[0m[2m=[0m0
[2m2025-09-28T01:22:16.180732Z[0m [32m INFO[0m [2mmonitor.block[0m[2m:[0m Processing block [3mblock[0m[2m=[0m85446112
[2m2025-09-28T01:22:16.463151Z[0m [32m INFO[0m [2mmonitor.block[0m[2m:[0m Fetched logs [3mblock[0m[2m=[0m85446112 [3mlogs[0m[2m=[0m0
[2m2025-09-28T01:22:18.172771Z[0m [32m INFO[0m [2mmonitor.block[0m[2m:[0m Processing block [3mblock[0m[2m=[0m85446113
[2m2025-09-28T01:22:18.451245Z[0m [32m INFO[0m [2mmonitor.block[0m[2m:[0m Fetched logs [3mblock[0m[2m=[0m85446113 [3mlogs[0m[2m=[0m0
[2m2025-09-28T01:22:20.169501Z[0m [32m INFO[0m [2mmonitor.block[0m[2m:[0m Processing block [3mblock[0m[2m=[0m85446114
[2m2025-09-28T01:22:20.537809Z[0m [32m INFO[0m [2mmonitor.block[0m[2m:[0m Fetched logs [3mblock[0m[2m=[0m85446114 [3mlogs[0m[2m=[0m0
[2m2025-09-28T01:22:22.178674Z[0m [32m INFO[0m [2mmonitor.block[0m[2m:[0m Processing block [3mblock[0m[2m=[0m85446115
[2m2025-09-28T01:22:22.457374Z[0m [32m INFO[0m [2mmonitor.block[0m[2m:[0m Fetched logs [3mblock[0m[2m=[0m85446115 [3mlogs[0m[2m=[0m0
[2m2025-09-28T01:22:24.176075Z[0m [32m INFO[0m [2mmonitor.block[0m[2m:[0m Processing block [3mblock[0m[2m=[0m85446116
[2m2025-09-28T01:22:24.530916Z[0m [32m INFO[0m [2mmonitor.block[0m[2m:[0m Fetched logs [3mblock[0m[2m=[0m85446116 [3mlogs[0m[2m=[0m0
[2m2025-09-28T01:22:26.174587Z[0m [32m INFO[0m [2mmonitor.block[0m[2m:[0m Processing block [3mblock[0m[2m=[0m85446117
[2m2025-09-28T01:22:26.475901Z[0m [32m INFO[0m [2mmonitor.block[0m[2m:[0m Fetched logs [3mblock[0m[2m=[0m85446117 [3mlogs[0m[2m=[0m0
[2m2025-09-28T01:22:28.217099Z[0m [32m INFO[0m [2mmonitor.block[0m[2m:[0m Processing block [3mblock[0m[2m=[0m85446118
[2m2025-09-28T01:22:28.496603Z[0m [32m INFO[0m [2mmonitor.block[0m[2m:[0m Fetched logs [3mblock[0m[2m=[0m85446118 [3mlogs[0m[2m=[0m0
[2m2025-09-28T01:22:30.170990Z[0m [32m INFO[0m [2mmonitor.block[0m[2m:[0m Processing block [3mblock[0m[2m=[0m85446119
[2m2025-09-28T01:22:30.448476Z[0m [32m INFO[0m [2mmonitor.block[0m[2m:[0m Fetched logs [3mblock[0m[2m=[0m85446119 [3mlogs[0m[2m=[0m0
[2m2025-09-28T01:22:32.173526Z[0m [32m INFO[0m [2mmonitor.block[0m[2m:[0m Processing block [3mblock[0m[2m=[0m85446120
[2m2025-09-28T01:22:32.452379Z[0m [32m INFO[0m [2mmonitor.block[0m[2m:[0m Fetched logs [3mblock[0m[2m=[0m85446120 [3mlogs[0m[2m=[0m0
[2m2025-09-28T01:22:34.169493Z[0m [32m INFO[0m [2mmonitor.block[0m[2m:[0m Processing block [3mblock[0m[2m=[0m85446121
[2m2025-09-28T01:22:34.467350Z[0m [32m INFO[0m [2mmonitor.block[0m[2m:[0m Fetched logs [3mblock[0m[2m=[0m85446121 [3mlogs[0m[2m=[0m0
[2m2025-09-28T01:22:36.204184Z[0m [32m INFO[0m [2mmonitor.block[0m[2m:[0m Processing block [3mblock[0m[2m=[0m85446122
[2m2025-09-28T01:22:36.715691Z[0m [32m INFO[0m [2mmonitor.block[0m[2m:[0m Fetched logs [3mblock[0m[2m=[0m85446122 [3mlogs[0m[2m=[0m0
[2m2025-09-28T01:22:38.252989Z[0m [32m INFO[0m [2mmonitor.block[0m[2m:[0m Processing block [3mblock[0m[2m=[0m85446123
[2m2025-09-28T01:22:38.555274Z[0m [32m INFO[0m [2mmonitor.block[0m[2m:[0m Fetched logs [3mblock[0m[2m=[0m85446123 [3mlogs[0m[2m=[0m0
[2m2025-09-28T01:22:40.197484Z[0m [32m INFO[0m [2mmonitor.block[0m[2m:[0m Processing block [3mblock[0m[2m=[0m85446124
[2m2025-09-28T01:22:40.504648Z[0m [32m INFO[0m [2mmonitor.block[0m[2m:[0m Fetched logs [3mblock[0m[2m=[0m85446124 [3mlogs[0m[2m=[0m0
[2m2025-09-28T01:22:42.179327Z[0m [32m INFO[0m [2mmonitor.block[0m[2m:[0m Processing block [3mblock[0m[2m=[0m85446125
[2m2025-09-28T01:22:42.454353Z[0m [32m INFO[0m [2mmonitor.block[0m[2m:[0m Fetched logs [3mblock[0m[2m=[0m85446125 [3mlogs[0m[2m=[0m0
[2m2025-09-28T01:22:44.175470Z[0m [32m INFO[0m [2mmonitor.block[0m[2m:[0m Processing block [3mblock[0m[2m=[0m85446126
[2m2025-09-28T01:22:44.451290Z[0m [32m INFO[0m [2mmonitor.block[0m[2m:[0m Fetched logs [3mblock[0m[2m=[0m85446126 [3mlogs[0m[2m=[0m0
[2m2025-09-28T01:22:46.172712Z[0m [32m INFO[0m [2mmonitor.block[0m[2m:[0m Processing block [3mblock[0m[2m=[0m85446127
[2m2025-09-28T01:22:46.448956Z[0m [32m INFO[0m [2mmonitor.block[0m[2m:[0m Fetched logs [3mblock[0m[2m=[0m85446127 [3mlogs[0m[2m=[0m0
[2m2025-09-28T01:22:48.171184Z[0m [32m INFO[0m [2mmonitor.block[0m[2m:[0m Processing block [3mblock[0m[2m=[0m85446128
[2m2025-09-28T01:22:48.457316Z[0m [32m INFO[0m [2mmonitor.block[0m[2m:[0m Fetched logs [3mblock[0m[2m=[0m85446128 [3mlogs[0m[2m=[0m0
[2m2025-09-28T01:22:50.171136Z[0m [32m INFO[0m [2mmonitor.block[0m[2m:[0m Processing block [3mblock[0m[2m=[0m85446129
[2m2025-09-28T01:22:50.540017Z[0m [32m INFO[0m [2mmonitor.block[0m[2m:[0m Fetched logs [3mblock[0m[2m=[0m85446129 [3mlogs[0m[2m=[0m0
[2m2025-09-28T01:22:52.171321Z[0m [32m INFO[0m [2mmonitor.block[0m[2m:[0m Processing block [3mblock[0m[2m=[0m85446130
[2m2025-09-28T01:22:52.447506Z[0m [32m INFO[0m [2mmonitor.block[0m[2m:[0m Fetched logs [3mblock[0m[2m=[0m85446130 [3mlogs[0m[2m=[0m0
[2m2025-09-28T01:22:54.174843Z[0m [32m INFO[0m [2mmonitor.block[0m[2m:[0m Processing block [3mblock[0m[2m=[0m85446131
[2m2025-09-28T01:22:54.453608Z[0m [32m INFO[0m [2mmonitor.block[0m[2m:[0m Fetched logs [3mblock[0m[2m=[0m85446131 [3mlogs[0m[2m=[0m0
[2m2025-09-28T01:22:56.275695Z[0m [32m INFO[0m [2mmonitor.block[0m[2m:[0m Processing block [3mblock[0m[2m=[0m85446132
[2m2025-09-28T01:22:56.552794Z[0m [32m INFO[0m [2mmonitor.block[0m[2m:[0m Fetched logs [3mblock[0m[2m=[0m85446132 [3mlogs[0m[2m=[0m0
[2m2025-09-28T01:22:58.220327Z[0m [32m INFO[0m [2mmonitor.block[0m[2m:[0m Processing block [3mblock[0m[2m=[0m85446133
[2m2025-09-28T01:22:58.507348Z[0m [32m INFO[0m [2mmonitor.block[0m[2m:[0m Fetched logs [3mblock[0m[2m=[0m85446133 [3mlogs[0m[2m=[0m0
[2m2025-09-28T01:23:00.184987Z[0m [32m INFO[0m [2mmonitor.block[0m[2m:[0m Processing block [3mblock[0m[2m=[0m85446134
[2m2025-09-28T01:23:00.467267Z[0m [32m INFO[0m [2mmonitor.block[0m[2m:[0m Fetched logs [3mblock[0m[2m=[0m85446134 [3mlogs[0m[2m=[0m0
